text,category,urgency
This is unacceptable - the website froze and I lost all my work. I demand an immediate resolution.,TECHNICAL,CRITICAL
"Just wondering, my profile shows the wrong information. Thanks.",ACCOUNT,LOW
"Just wondering, images are not loading on the app. Thanks.",TECHNICAL,LOW
I need this fixed soon - my membership is locked. Please fix this ASAP.,ACCOUNT,HIGH
I need help - my subscription is linked to the wrong user account. Let me know.,ACCOUNT,MEDIUM
"No rush, but how can I change my account email. No hurry.",ACCOUNT,LOW
"Just wondering, how long does a refund usually take.",REFUND,LOW
I need help - please refund my payment. Can someone help?,REFUND,MEDIUM
"No rush, but i need information about your terms of service. Thanks.",OTHER,LOW
This is really frustrating - payment is not going through. This is affecting my work.,PAYMENT,HIGH
I'm having trouble - the mobile app is not compatible with my Android phone. Can someone help?,TECHNICAL,MEDIUM
URGENT - i think my account was hacked.,ACCOUNT,CRITICAL
I'm having trouble - i want a refund for my order. Can someone help?,REFUND,MEDIUM
This is really frustrating - i want to file a complaint. I need a resolution today.,OTHER,HIGH
Could someone assist - images are not loading on the portal.,TECHNICAL,MEDIUM
This is really frustrating - i returned my item but haven't been refunded. Please fix this ASAP.,REFUND,HIGH
Could someone assist - my order has not been delivered. Please advise.,DELIVERY,MEDIUM
Quick question - i'm not sure who to contact about this. Thanks.,OTHER,LOW
"Just wondering, i have a question about your privacy policy. No hurry.",OTHER,LOW
I need to update my payment method. Whenever convenient.,PAYMENT,LOW
I need help - i have an issue with my order. Let me know.,OTHER,MEDIUM
"Just wondering, is there a student discount available. Thanks.",OTHER,LOW
This is unacceptable - i need a refund because the shipment never arrived.,REFUND,CRITICAL
I was charged a restocking fee I wasn't told about.,REFUND,MEDIUM
Could someone assist - i need to update my payment method. Can someone help?,PAYMENT,MEDIUM
Please refund my payment. Let me know.,REFUND,MEDIUM
I need this fixed soon - none of the buttons on the website are responding. Please fix this ASAP.,TECHNICAL,HIGH
Please help immediately - my payment is stuck processing for 2 days. Please fix this ASAP.,PAYMENT,HIGH
Quick question - do you have a loyalty program. Thanks.,OTHER,LOW
This needs to be resolved right now - i keep getting null pointer exception when I try to log in. I want this escalated immediately.,TECHNICAL,CRITICAL
Can you refund my subscription for this month. No hurry.,REFUND,LOW
"Whenever you get a chance, i want to update my username. Thanks.",ACCOUNT,LOW
Please help immediately - i have not received my refund. This is affecting my work.,REFUND,HIGH
Is there a student discount available. Whenever convenient.,OTHER,LOW
The discount code did not apply at checkout.,PAYMENT,MEDIUM
Please help me recover my old dashboard.,ACCOUNT,MEDIUM
This is unacceptable - i was charged $89.00 but my order was cancelled. I demand an immediate resolution.,PAYMENT,CRITICAL
This is really frustrating - the application keeps crashing. Please fix this ASAP.,TECHNICAL,HIGH
"Whenever you get a chance, i need to update my payment method. Thanks.",PAYMENT,LOW
I need this fixed soon - i keep getting 502 when I try to log in. I need a resolution today.,TECHNICAL,HIGH
"Whenever you get a chance, i'm not sure who to contact about this. Whenever convenient.",OTHER,LOW
"No rush, but i have a suggestion for a new feature. Whenever convenient.",OTHER,LOW
This is really frustrating - my payment is stuck processing for two weeks. This is affecting my work.,PAYMENT,HIGH
Do you offer gift cards. Whenever convenient.,OTHER,LOW
I need this fixed soon - none of the buttons on the app are responding.,TECHNICAL,HIGH
URGENT - the app crashes every time I open it on my Safari browser. This is completely unacceptable and needs fixing NOW.,TECHNICAL,CRITICAL
I need help - there's a bug in the latest update. Please advise.,TECHNICAL,MEDIUM
I need help - i want to file a complaint.,OTHER,MEDIUM
I'm having trouble - the website is not compatible with my desktop. Can someone help?,TECHNICAL,MEDIUM
I need help - i cannot access my user account. Please advise.,ACCOUNT,MEDIUM
Please help immediately - my shipment arrived damaged. This is affecting my work.,DELIVERY,HIGH
This is unacceptable - my login was suspended without warning. I want this escalated immediately.,ACCOUNT,CRITICAL
This is really frustrating - i only received part of my package. Please fix this ASAP.,DELIVERY,HIGH
The page is not loading. Please advise.,TECHNICAL,MEDIUM
I need this fixed soon - i keep getting logged out of my user account.,ACCOUNT,HIGH
Quick question - when will I receive my refund.,REFUND,LOW
I cannot log into my login. Please advise.,ACCOUNT,MEDIUM
"No rush, but when will I receive my refund. Thanks.",REFUND,LOW
"No rush, but can I get a refund instead of store credit.",REFUND,LOW
This needs to be resolved right now - my package #30032 shows delivered but I never received it. I want this escalated immediately.,DELIVERY,CRITICAL
"Just wondering, i want to unsubscribe from marketing emails. Thanks.",OTHER,LOW
This is really frustrating - i want a refund for my order. Please fix this ASAP.,REFUND,HIGH
"I need help - i returned the wrong item by mistake, can I still get a refund. Let me know.",REFUND,MEDIUM
I need help - i cannot log into my dashboard. Let me know.,ACCOUNT,MEDIUM
Could someone assist - i need help with something.,OTHER,MEDIUM
"Whenever you get a chance, i need help with something.",OTHER,LOW
I'm having trouble - how do I contact a human representative. Let me know.,OTHER,MEDIUM
I am extremely upset - the app crashes every time I open it on my desktop. I demand an immediate resolution.,TECHNICAL,CRITICAL
I need this fixed soon - my login is locked. Please fix this ASAP.,ACCOUNT,HIGH
My card was declined. Please fix this ASAP.,PAYMENT,HIGH
This is an emergency - i was charged twice for the same order. This is completely unacceptable and needs fixing NOW.,PAYMENT,CRITICAL
I need help - i have an issue with my order.,OTHER,MEDIUM
"No rush, but how do I delete my account. No hurry.",ACCOUNT,LOW
Could someone assist - the platform logged me out randomly. Please advise.,TECHNICAL,MEDIUM
I'm having trouble - i forgot my password for my login. Can someone help?,ACCOUNT,MEDIUM
I need help - i forgot my password for my dashboard. Let me know.,ACCOUNT,MEDIUM
Please help immediately - i cannot access my user account. This is affecting my work.,ACCOUNT,HIGH
"Whenever you get a chance, how do I delete my user account. No hurry.",ACCOUNT,LOW
I need help - i'm being charged a fee I don't recognize. Please advise.,PAYMENT,MEDIUM
There's a bug in the latest update. Please advise.,TECHNICAL,MEDIUM
"Whenever you get a chance, how do I request a refund. No hurry.",REFUND,LOW
Please help immediately - the package is missing items.,DELIVERY,HIGH
I need help with something. Whenever convenient.,OTHER,LOW
Quick question - do you offer gift cards. Thanks.,OTHER,LOW
Could someone assist - can I speak to a manager.,OTHER,MEDIUM
Please help immediately - i keep getting logged out of my user account. I need a resolution today.,ACCOUNT,HIGH
I only received part of my order. Let me know.,DELIVERY,MEDIUM
"Just wondering, can I get a refund instead of store credit.",REFUND,LOW
This is really frustrating - my dashboard was suspended without warning.,ACCOUNT,HIGH
This is urgent - i cannot access my user account. Please fix this ASAP.,ACCOUNT,HIGH
I'm having trouble - how do I contact a human representative. Please advise.,OTHER,MEDIUM
I'm having trouble - my payment is stuck processing for 3 days. Please advise.,PAYMENT,MEDIUM
I need help - i was only refunded part of the amount. Please advise.,REFUND,MEDIUM
"Just wondering, this is regarding a partnership inquiry. No hurry.",OTHER,LOW
I'm having trouble - when will I receive my refund. Let me know.,REFUND,MEDIUM
"Just wondering, do you ship internationally. Whenever convenient.",OTHER,LOW
Quick question - how can I change my account email. No hurry.,ACCOUNT,LOW
Quick question - i'm not sure who to contact about this. No hurry.,OTHER,LOW
"No rush, but how can I change my account email.",ACCOUNT,LOW
Please help immediately - i need a refund because the order never arrived.,REFUND,HIGH
I'm having trouble - my payment failed.,PAYMENT,MEDIUM
"No rush, but when will I receive my refund.",REFUND,LOW
"Whenever you get a chance, how do I contact a human representative. Thanks.",OTHER,LOW
I need help - the delivery driver couldn't find my address. Please advise.,DELIVERY,MEDIUM
None of the buttons on the mobile app are responding. Please advise.,TECHNICAL,MEDIUM
I can't update my billing address on my account.,ACCOUNT,MEDIUM
I need this fixed soon - the app crashes every time I open it on my Safari browser. Please fix this ASAP.,TECHNICAL,HIGH
This is unacceptable - my account is locked. I want this escalated immediately.,ACCOUNT,CRITICAL
The wrong amount was charged to my card.,PAYMENT,HIGH
This is really frustrating - my shipment has been sitting at the warehouse for several days. This is affecting my work.,DELIVERY,HIGH
I'm having trouble - i am getting an error on the website. Can someone help?,TECHNICAL,MEDIUM
This is unacceptable - my subscription renewed but I cancelled it last month. I demand an immediate resolution.,PAYMENT,CRITICAL
"Whenever you get a chance, how do I request a refund. Thanks.",REFUND,LOW
Could someone assist - i cannot log into my dashboard. Can someone help?,ACCOUNT,MEDIUM
This is unacceptable - someone else logged into my membership. I want this escalated immediately.,ACCOUNT,CRITICAL
Please help immediately - my payment is stuck processing for 2 days. I need a resolution today.,PAYMENT,HIGH
Please help immediately - i was charged $199 but my order was cancelled. I need a resolution today.,PAYMENT,HIGH
"Just wondering, the refund policy is unclear to me. No hurry.",REFUND,LOW
Quick question - can you refund my subscription for this month. Whenever convenient.,REFUND,LOW
Could someone assist - please help me recover my old profile. Let me know.,ACCOUNT,MEDIUM
Quick question - can I get a copy of my receipt. No hurry.,PAYMENT,LOW
Do you have a loyalty program.,OTHER,LOW
This needs to be resolved right now - i need a refund because the shipment never arrived. I demand an immediate resolution.,REFUND,CRITICAL
Can you refund my subscription for this month. Let me know.,REFUND,MEDIUM
Please help immediately - the wrong amount was charged to my card. Please fix this ASAP.,PAYMENT,HIGH
Could someone assist - i need to update my payment method. Please advise.,PAYMENT,MEDIUM
Can I get a refund instead of store credit. Whenever convenient.,REFUND,LOW
"No rush, but can I change my delivery address.",DELIVERY,LOW
"Whenever you get a chance, where is my package.",DELIVERY,LOW
Please help immediately - i keep getting logged out of my login. I need a resolution today.,ACCOUNT,HIGH
Please help immediately - my refund of $15.75 still hasn't shown up after 10 days.,REFUND,HIGH
"Just wondering, i'm not sure who to contact about this. Thanks.",OTHER,LOW
This is really frustrating - i only received part of my parcel. Please fix this ASAP.,DELIVERY,HIGH
I'm having trouble - payPal payment did not go through. Let me know.,PAYMENT,MEDIUM
I returned my item but haven't been refunded. I need a resolution today.,REFUND,HIGH
Please help immediately - can I speak to a manager.,OTHER,HIGH
I want to update my username. No hurry.,ACCOUNT,LOW
Quick question - can I change my delivery address. Whenever convenient.,DELIVERY,LOW
My refund was sent to the wrong card. I need a resolution today.,REFUND,HIGH
This is urgent - the API keeps returning error code 9001. Please fix this ASAP.,TECHNICAL,HIGH
"No rush, but i'm not sure who to contact about this. Whenever convenient.",OTHER,LOW
Quick question - i have a suggestion for a new feature. No hurry.,OTHER,LOW
Quick question - i need help with something. Whenever convenient.,OTHER,LOW
My delivery has been sitting at the warehouse for 10 days. I need a resolution today.,DELIVERY,HIGH
I'm having trouble - the notifications are not working. Let me know.,TECHNICAL,MEDIUM
Could someone assist - please help me recover my old profile.,ACCOUNT,MEDIUM
I'm having trouble - the page is not loading.,TECHNICAL,MEDIUM
I need help - i have an issue with my order. Can someone help?,OTHER,MEDIUM
Could someone assist - i have an issue with my order. Can someone help?,OTHER,MEDIUM
"Whenever you get a chance, how long does a refund usually take. Thanks.",REFUND,LOW
This is an emergency - my subscription renewed but I cancelled it last month. This is completely unacceptable and needs fixing NOW.,PAYMENT,CRITICAL
I need this fixed soon - my data disappeared after the update. Please fix this ASAP.,TECHNICAL,HIGH
I keep getting logged out of my profile. Please advise.,ACCOUNT,MEDIUM
This is an emergency - my login was suspended without warning. I want this escalated immediately.,ACCOUNT,CRITICAL
I'm having trouble - i can't verify my email address.,ACCOUNT,MEDIUM
I am extremely upset - someone else logged into my account.,ACCOUNT,CRITICAL
Refund shows processed but I don't see it in my bank.,REFUND,HIGH
I need this fixed soon - the package is missing items. I need a resolution today.,DELIVERY,HIGH
Can you expedite my order. No hurry.,DELIVERY,LOW
This is unacceptable - my data disappeared after the update. This is completely unacceptable and needs fixing NOW.,TECHNICAL,CRITICAL
Could someone assist - i'm seeing a blank screen instead of the dashboard. Can someone help?,TECHNICAL,MEDIUM
I need help - i was only refunded part of the amount. Can someone help?,REFUND,MEDIUM
I'm having trouble - the portal logged me out randomly. Let me know.,TECHNICAL,MEDIUM
I need help - my payment failed. Can someone help?,PAYMENT,MEDIUM
My delivery is stuck in customs.,DELIVERY,MEDIUM
"No rush, but i want to merge two accounts.",ACCOUNT,LOW
I'm having trouble - the portal is not compatible with my Safari browser. Let me know.,TECHNICAL,MEDIUM
"This is an emergency - my refund of $1,200 still hasn't shown up after 5 days. This is completely unacceptable and needs fixing NOW.",REFUND,CRITICAL
URGENT - refund shows processed but I don't see it in my bank. This is completely unacceptable and needs fixing NOW.,REFUND,CRITICAL
Please help immediately - please help me recover my old profile. Please fix this ASAP.,ACCOUNT,HIGH
This is an emergency - my refund was sent to the wrong card.,REFUND,CRITICAL
This is really frustrating - i cannot access my dashboard.,ACCOUNT,HIGH
Please help immediately - payPal payment did not go through.,PAYMENT,HIGH
I keep getting logged out of my dashboard.,ACCOUNT,MEDIUM
This is really frustrating - someone else logged into my user account. Please fix this ASAP.,ACCOUNT,HIGH
I'm having trouble - the discount code did not apply at checkout. Let me know.,PAYMENT,MEDIUM
I need help - my invoice shows an incorrect total. Please advise.,PAYMENT,MEDIUM
There's a bug in the latest update. Thanks.,TECHNICAL,LOW
This is really frustrating - please help me recover my old login. This is affecting my work.,ACCOUNT,HIGH
I'm having trouble - i received the wrong item in my package.,DELIVERY,MEDIUM
Could someone assist - i was billed in the wrong currency. Let me know.,PAYMENT,MEDIUM
I have a question about your privacy policy. Whenever convenient.,OTHER,LOW
Quick question - the discount code did not apply at checkout.,PAYMENT,LOW
Please help immediately - the page is not loading. Please fix this ASAP.,TECHNICAL,HIGH
I'm not sure who to contact about this. Can someone help?,OTHER,MEDIUM
URGENT - i see an unauthorized charge of $12.50 on my account. This is completely unacceptable and needs fixing NOW.,PAYMENT,CRITICAL
I'm having trouble - i keep getting logged out of my login. Can someone help?,ACCOUNT,MEDIUM
I was charged $199 but my order was cancelled. Please fix this ASAP.,PAYMENT,HIGH
Could someone assist - i am getting an error on the website.,TECHNICAL,MEDIUM
Please help immediately - i want to file a complaint. This is affecting my work.,OTHER,HIGH
"Whenever you get a chance, can you expedite my shipment. No hurry.",DELIVERY,LOW
I'm having trouble - i need help with something. Let me know.,OTHER,MEDIUM
Could someone assist - my order has not been delivered. Can someone help?,DELIVERY,MEDIUM
Can I get a refund instead of store credit.,REFUND,MEDIUM
Quick question - the refund policy is unclear to me.,REFUND,LOW
I am extremely upset - refund shows processed but I don't see it in my bank. I want this escalated immediately.,REFUND,CRITICAL
Could someone assist - my payment failed. Can someone help?,PAYMENT,MEDIUM
I'm having trouble - please help me recover my old login. Please advise.,ACCOUNT,MEDIUM
This is really frustrating - i want a refund for my order. I need a resolution today.,REFUND,HIGH
Could someone assist - my payment is stuck processing for 5 days. Let me know.,PAYMENT,MEDIUM
Could someone assist - can I get a refund instead of store credit. Can someone help?,REFUND,MEDIUM
"Just wondering, can you help me. No hurry.",OTHER,LOW
Someone else logged into my membership. I need a resolution today.,ACCOUNT,HIGH
"No rush, but i have a general question. Whenever convenient.",OTHER,LOW
"Just wondering, i need information about your terms of service. Thanks.",OTHER,LOW
Could someone assist - i'm not sure who to contact about this. Can someone help?,OTHER,MEDIUM
I need help - images are not loading on the mobile app. Please advise.,TECHNICAL,MEDIUM
I'm having trouble - images are not loading on the mobile app.,TECHNICAL,MEDIUM
I need this fixed soon - my card was declined. Please fix this ASAP.,PAYMENT,HIGH
I'm having trouble - my payment failed. Let me know.,PAYMENT,MEDIUM
This is urgent - my payment failed. I need a resolution today.,PAYMENT,HIGH
Images are not loading on the portal. Whenever convenient.,TECHNICAL,LOW
Please help immediately - my package is stuck in customs. This is affecting my work.,DELIVERY,HIGH
I have a general question. No hurry.,OTHER,LOW
"No rush, but i need to reschedule my delivery. Thanks.",DELIVERY,LOW
I'm having trouble - can I get a refund instead of store credit.,REFUND,MEDIUM
"Just wondering, the discount code did not apply at checkout. No hurry.",PAYMENT,LOW
The API keeps returning 404. Please fix this ASAP.,TECHNICAL,HIGH
I have a suggestion for a new feature. Thanks.,OTHER,LOW
This is an emergency - the website is completely down. This is completely unacceptable and needs fixing NOW.,TECHNICAL,CRITICAL
"No rush, but i'm not sure who to contact about this. No hurry.",OTHER,LOW
This is really frustrating - my delivery arrived damaged.,DELIVERY,HIGH
"Whenever you get a chance, do you offer gift cards. Whenever convenient.",OTHER,LOW
This is really frustrating - my card was declined. Please fix this ASAP.,PAYMENT,HIGH
URGENT - my refund of $199 still hasn't shown up after several days.,REFUND,CRITICAL
Could someone assist - i can't upload files on the system. Please advise.,TECHNICAL,MEDIUM
Please help me recover my old account. Please fix this ASAP.,ACCOUNT,HIGH
"Just wondering, how long does a refund usually take. Thanks.",REFUND,LOW
Quick question - i need to reschedule my delivery.,DELIVERY,LOW
My parcel is stuck in customs. Let me know.,DELIVERY,MEDIUM
This is really frustrating - my delivery is stuck in customs.,DELIVERY,HIGH
This is urgent - i can't upload files on the platform.,TECHNICAL,HIGH
Someone else logged into my account.,ACCOUNT,HIGH
I need help - i need to reset my password. Let me know.,ACCOUNT,MEDIUM
I need this fixed soon - i have not received my refund. This is affecting my work.,REFUND,HIGH
This is an emergency - my shipment #84341 shows delivered but I never received it. I want this escalated immediately.,DELIVERY,CRITICAL
Please help immediately - the order has not arrived yet. Please fix this ASAP.,DELIVERY,HIGH
Could someone assist - i cannot access my membership.,ACCOUNT,MEDIUM
I was only refunded part of the amount. Can someone help?,REFUND,MEDIUM
This is urgent - i want to cancel my order and get a refund. I need a resolution today.,REFUND,HIGH
This is urgent - my data disappeared after the update. Please fix this ASAP.,TECHNICAL,HIGH
"Just wondering, do you ship internationally. Thanks.",OTHER,LOW
I need this fixed soon - my order is stuck in customs. I need a resolution today.,DELIVERY,HIGH
I'm having trouble - the checkout page keeps rejecting my card. Let me know.,PAYMENT,MEDIUM
Could someone assist - can I get a refund instead of store credit. Let me know.,REFUND,MEDIUM
Could someone assist - none of the buttons on the app are responding. Let me know.,TECHNICAL,MEDIUM
I'm having trouble - i can't update my billing address on my account.,ACCOUNT,MEDIUM
Quick question - the discount code did not apply at checkout. Whenever convenient.,PAYMENT,LOW
Can you refund my subscription for this month. Please advise.,REFUND,MEDIUM
"No rush, but there's a bug in the latest update. Thanks.",TECHNICAL,LOW
Please help immediately - i want a refund for my order.,REFUND,HIGH
This is urgent - my card was declined. I need a resolution today.,PAYMENT,HIGH
Could someone assist - the checkout page keeps rejecting my card.,PAYMENT,MEDIUM
Could someone assist - i was charged a restocking fee I wasn't told about. Can someone help?,REFUND,MEDIUM
This needs to be resolved right now - i want to dispute a charge and request a refund. This is completely unacceptable and needs fixing NOW.,REFUND,CRITICAL
Could someone assist - the app is very slow.,TECHNICAL,MEDIUM
I need this fixed soon - i want to dispute a charge and request a refund. Please fix this ASAP.,REFUND,HIGH
"No rush, but can I change my delivery address. Whenever convenient.",DELIVERY,LOW
Could someone assist - payment is not going through. Let me know.,PAYMENT,MEDIUM
The order has not arrived yet. Please advise.,DELIVERY,MEDIUM
I need this fixed soon - i cannot log into my membership. This is affecting my work.,ACCOUNT,HIGH
I need help - i can't upload files on the platform.,TECHNICAL,MEDIUM
"No rush, but do you offer gift cards. Thanks.",OTHER,LOW
Please help immediately - i was charged a restocking fee I wasn't told about. I need a resolution today.,REFUND,HIGH
I'm having trouble - my membership shows the wrong information. Please advise.,ACCOUNT,MEDIUM
This is urgent - the courier never showed up.,DELIVERY,HIGH
This is unacceptable - my shipment was left at the wrong address. This is completely unacceptable and needs fixing NOW.,DELIVERY,CRITICAL
My user account shows the wrong information. Can someone help?,ACCOUNT,MEDIUM
This is unacceptable - my refund was sent to the wrong card. I want this escalated immediately.,REFUND,CRITICAL
Quick question - there's a bug in the latest update. No hurry.,TECHNICAL,LOW
"Could someone assist - i returned the wrong item by mistake, can I still get a refund. Can someone help?",REFUND,MEDIUM
This is really frustrating - none of the buttons on the system are responding. This is affecting my work.,TECHNICAL,HIGH
Could someone assist - my subscription is linked to the wrong login. Please advise.,ACCOUNT,MEDIUM
Could someone assist - can you refund my subscription for this month. Please advise.,REFUND,MEDIUM
"Whenever you get a chance, can I get a refund instead of store credit. Thanks.",REFUND,LOW
This is really frustrating - the tracking hasn't updated in 2 days.,DELIVERY,HIGH
My package is stuck in customs. Please advise.,DELIVERY,MEDIUM
I need this fixed soon - the tracking hasn't updated in 10 days. This is affecting my work.,DELIVERY,HIGH
I'm having trouble - please help me recover my old dashboard. Let me know.,ACCOUNT,MEDIUM
I'm having trouble - i want to file a complaint. Can someone help?,OTHER,MEDIUM
Quick question - i forgot my password for my membership. Whenever convenient.,ACCOUNT,LOW
Could someone assist - i'm being charged a fee I don't recognize. Please advise.,PAYMENT,MEDIUM
I need help - the order has not arrived yet.,DELIVERY,MEDIUM
This is urgent - i want to file a complaint. I need a resolution today.,OTHER,HIGH
Could someone assist - i never received the verification code.,ACCOUNT,MEDIUM
Quick question - how long does a refund usually take.,REFUND,LOW
Could someone assist - the app logged me out randomly. Can someone help?,TECHNICAL,MEDIUM
I need help - the platform logged me out randomly. Please advise.,TECHNICAL,MEDIUM
"Just wondering, can you refund my subscription for this month. Whenever convenient.",REFUND,LOW
I need help - the discount code did not apply at checkout. Let me know.,PAYMENT,MEDIUM
Quick question - i need to update my payment method.,PAYMENT,LOW
I'm having trouble - my delivery is stuck in customs. Please advise.,DELIVERY,MEDIUM
This is urgent - someone else logged into my account. I need a resolution today.,ACCOUNT,HIGH
"Whenever you get a chance, images are not loading on the system. No hurry.",TECHNICAL,LOW
The checkout page keeps rejecting my card. Please fix this ASAP.,PAYMENT,HIGH
Please help immediately - my data disappeared after the update. Please fix this ASAP.,TECHNICAL,HIGH
Quick question - is there a student discount available.,OTHER,LOW
"Whenever you get a chance, i need information about your terms of service. Whenever convenient.",OTHER,LOW
The platform is not compatible with my desktop. Please advise.,TECHNICAL,MEDIUM
Could someone assist - how do I request a refund. Please advise.,REFUND,MEDIUM
I need help - the page is not loading. Let me know.,TECHNICAL,MEDIUM
URGENT - my refund was sent to the wrong card. This is completely unacceptable and needs fixing NOW.,REFUND,CRITICAL
I'm having trouble - i only received part of my delivery. Let me know.,DELIVERY,MEDIUM
This is urgent - i was charged a restocking fee I wasn't told about.,REFUND,HIGH
I need this fixed soon - my package arrived damaged. I need a resolution today.,DELIVERY,HIGH
I'm having trouble - i never received the verification code. Let me know.,ACCOUNT,MEDIUM
The courier never showed up. Let me know.,DELIVERY,MEDIUM
"Just wondering, i need information about your terms of service. No hurry.",OTHER,LOW
Please help immediately - i cannot log into my user account. This is affecting my work.,ACCOUNT,HIGH
I am extremely upset - the application keeps crashing.,TECHNICAL,CRITICAL
How do I request a refund. Thanks.,REFUND,LOW
I never received the verification code.,ACCOUNT,MEDIUM
I need help - i want to file a complaint. Can someone help?,OTHER,MEDIUM
This needs to be resolved right now - i need a refund because the parcel never arrived. This is completely unacceptable and needs fixing NOW.,REFUND,CRITICAL
This is really frustrating - i can't upload files on the platform. I need a resolution today.,TECHNICAL,HIGH
My order has not been delivered. I need a resolution today.,DELIVERY,HIGH
This is urgent - the package is missing items. I need a resolution today.,DELIVERY,HIGH
"Just wondering, the discount code did not apply at checkout.",PAYMENT,LOW
Please help immediately - i keep getting 403 when I try to log in.,TECHNICAL,HIGH
This is an emergency - my refund of $89.00 still hasn't shown up after several days.,REFUND,CRITICAL
This is really frustrating - none of the buttons on the website are responding. I need a resolution today.,TECHNICAL,HIGH
The search feature is broken.,TECHNICAL,MEDIUM
This is an emergency - my order was left at the wrong address. This is completely unacceptable and needs fixing NOW.,DELIVERY,CRITICAL
I have a general question. Thanks.,OTHER,LOW
I'm having trouble - none of the buttons on the system are responding. Let me know.,TECHNICAL,MEDIUM
This is urgent - my payment failed. This is affecting my work.,PAYMENT,HIGH
My refund of $5.99 still hasn't shown up after a week.,REFUND,HIGH
I am extremely upset - my subscription renewed but I cancelled it last month. I want this escalated immediately.,PAYMENT,CRITICAL
I'm having trouble - the app is very slow. Can someone help?,TECHNICAL,MEDIUM
Could someone assist - images are not loading on the website. Please advise.,TECHNICAL,MEDIUM
I need this fixed soon - the API keeps returning 403. I need a resolution today.,TECHNICAL,HIGH
I'm having trouble - the search feature is broken. Let me know.,TECHNICAL,MEDIUM
"Whenever you get a chance, i want to unsubscribe from marketing emails. Thanks.",OTHER,LOW
I need this fixed soon - the API keeps returning 502. This is affecting my work.,TECHNICAL,HIGH
I need help - i want to file a complaint. Let me know.,OTHER,MEDIUM
I'm having trouble - can I speak to a manager.,OTHER,MEDIUM
Could someone assist - my payment failed. Let me know.,PAYMENT,MEDIUM
Please help immediately - i cannot log into my dashboard. This is affecting my work.,ACCOUNT,HIGH
Please help immediately - my refund request was denied and I don't understand why.,REFUND,HIGH
"Whenever you get a chance, do you offer gift cards. No hurry.",OTHER,LOW
None of the buttons on the website are responding. Can someone help?,TECHNICAL,MEDIUM
This is urgent - can I speak to a manager. Please fix this ASAP.,OTHER,HIGH
I need this fixed soon - i cannot log into my login. I need a resolution today.,ACCOUNT,HIGH
This needs to be resolved right now - my refund of $12.50 still hasn't shown up after a week. This is completely unacceptable and needs fixing NOW.,REFUND,CRITICAL
"Just wondering, i want to switch my payment method to a different card. Whenever convenient.",PAYMENT,LOW
"No rush, but can you help me. Thanks.",OTHER,LOW
I'm having trouble - the search feature is broken.,TECHNICAL,MEDIUM
I'm having trouble - i was only refunded part of the amount. Can someone help?,REFUND,MEDIUM
I need help - i need to update my payment method. Can someone help?,PAYMENT,MEDIUM
Can I speak to a manager. Please fix this ASAP.,OTHER,HIGH
I'm having trouble - i need to change the delivery date for #24371.,DELIVERY,MEDIUM
I'm having trouble - i need to reset my password. Please advise.,ACCOUNT,MEDIUM
"This is an emergency - i was charged $1,200 but my order was cancelled. I want this escalated immediately.",PAYMENT,CRITICAL
"Whenever you get a chance, the refund policy is unclear to me.",REFUND,LOW
This needs to be resolved right now - i have not received my refund. This is completely unacceptable and needs fixing NOW.,REFUND,CRITICAL
I need help - where is my package. Let me know.,DELIVERY,MEDIUM
Could someone assist - i need to update my payment method. Let me know.,PAYMENT,MEDIUM
I'm having trouble - my parcel has been sitting at the warehouse for 2 days.,DELIVERY,MEDIUM
"Just wondering, how do I delete my login. No hurry.",ACCOUNT,LOW
"No rush, but the notifications are not working. Whenever convenient.",TECHNICAL,LOW
I'm having trouble - i want to file a complaint. Let me know.,OTHER,MEDIUM
"No rush, but do you ship internationally.",OTHER,LOW
I need this fixed soon - none of the buttons on the mobile app are responding. I need a resolution today.,TECHNICAL,HIGH
Quick question - do you offer gift cards. No hurry.,OTHER,LOW
I can't upload files on the mobile app. Can someone help?,TECHNICAL,MEDIUM
I need help - my package has been sitting at the warehouse for a week.,DELIVERY,MEDIUM
This is really frustrating - i have not received my refund. I need a resolution today.,REFUND,HIGH
"Just wondering, i need information about your terms of service.",OTHER,LOW
I need this fixed soon - i keep getting null pointer exception when I try to log in. This is affecting my work.,TECHNICAL,HIGH
The page is not loading. Let me know.,TECHNICAL,MEDIUM
The app logged me out randomly. Can someone help?,TECHNICAL,MEDIUM
Could someone assist - i'm seeing a blank screen instead of the dashboard. Let me know.,TECHNICAL,MEDIUM
"Just wondering, can I get a copy of my receipt.",PAYMENT,LOW
I'm having trouble - the courier never showed up. Let me know.,DELIVERY,MEDIUM
This is urgent - the page is not loading. This is affecting my work.,TECHNICAL,HIGH
I need this fixed soon - my user account was suspended without warning. Please fix this ASAP.,ACCOUNT,HIGH
The application keeps crashing. I need a resolution today.,TECHNICAL,HIGH
Can I speak to a manager. Can someone help?,OTHER,MEDIUM
I'm having trouble - my saved card is not showing up anymore.,PAYMENT,MEDIUM
Please help immediately - none of the buttons on the mobile app are responding.,TECHNICAL,HIGH
"No rush, but how do I contact a human representative. Whenever convenient.",OTHER,LOW
This is really frustrating - i cannot access my account. This is affecting my work.,ACCOUNT,HIGH
The mobile app logged me out randomly. Let me know.,TECHNICAL,MEDIUM
"No rush, but i need information about your terms of service.",OTHER,LOW
Please help immediately - my parcel arrived damaged. This is affecting my work.,DELIVERY,HIGH
This is an emergency - i have not received my refund.,REFUND,CRITICAL
This is unacceptable - the app crashes every time I open it on my iPhone.,TECHNICAL,CRITICAL
Quick question - this is regarding a partnership inquiry.,OTHER,LOW
I'm having trouble - i need to update my payment method. Please advise.,PAYMENT,MEDIUM
Please help immediately - my parcel has been sitting at the warehouse for 3 days. I need a resolution today.,DELIVERY,HIGH
Could someone assist - i have an issue with my order. Please advise.,OTHER,MEDIUM
Can I speak to a manager. Please advise.,OTHER,MEDIUM
I need help with something. Let me know.,OTHER,MEDIUM
My profile shows the wrong information. Please advise.,ACCOUNT,MEDIUM
This is really frustrating - please refund my payment. I need a resolution today.,REFUND,HIGH
I'm having trouble - the app logged me out randomly. Let me know.,TECHNICAL,MEDIUM
I'm having trouble - i can't upload files on the app.,TECHNICAL,MEDIUM
"Just wondering, how can I change my account email. Thanks.",ACCOUNT,LOW
I'm having trouble - my saved card is not showing up anymore. Let me know.,PAYMENT,MEDIUM
I am extremely upset - i was charged $199 but my order was cancelled. This is completely unacceptable and needs fixing NOW.,PAYMENT,CRITICAL
I need this fixed soon - my two-factor authentication isn't working. I need a resolution today.,ACCOUNT,HIGH
This needs to be resolved right now - i need a refund because the delivery never arrived.,REFUND,CRITICAL
I'm having trouble - when will I receive my refund. Please advise.,REFUND,MEDIUM
"Just wondering, images are not loading on the system. Whenever convenient.",TECHNICAL,LOW
I'm not sure who to contact about this. Please advise.,OTHER,MEDIUM
I need help - images are not loading on the system. Can someone help?,TECHNICAL,MEDIUM
URGENT - my membership is locked. I want this escalated immediately.,ACCOUNT,CRITICAL
Quick question - how do I delete my login. Whenever convenient.,ACCOUNT,LOW
"Whenever you get a chance, i need help with something. Whenever convenient.",OTHER,LOW
"I need help - i returned the wrong item by mistake, can I still get a refund. Can someone help?",REFUND,MEDIUM
Quick question - can I change my delivery address.,DELIVERY,LOW
I only received part of my parcel.,DELIVERY,HIGH
I forgot my password for my dashboard.,ACCOUNT,LOW
Quick question - when will I receive my refund. No hurry.,REFUND,LOW
"Whenever you get a chance, i want to unsubscribe from marketing emails.",OTHER,LOW
This is an emergency - someone else logged into my dashboard. This is completely unacceptable and needs fixing NOW.,ACCOUNT,CRITICAL
My subscription is linked to the wrong login. Let me know.,ACCOUNT,MEDIUM
"No rush, but i need help with something. No hurry.",OTHER,LOW
I need this fixed soon - my refund of $49.99 still hasn't shown up after 10 days. Please fix this ASAP.,REFUND,HIGH
This is really frustrating - refund shows processed but I don't see it in my bank. This is affecting my work.,REFUND,HIGH
This is really frustrating - i keep getting logged out of my user account. Please fix this ASAP.,ACCOUNT,HIGH
Please help immediately - i was charged twice for the same order. This is affecting my work.,PAYMENT,HIGH
I need help - i was charged a restocking fee I wasn't told about. Please advise.,REFUND,MEDIUM
"No rush, but i need to reschedule my delivery.",DELIVERY,LOW
"No rush, but how do I delete my user account. Thanks.",ACCOUNT,LOW
My card was declined.,PAYMENT,HIGH
I am extremely upset - the website is completely down. This is completely unacceptable and needs fixing NOW.,TECHNICAL,CRITICAL
This needs to be resolved right now - my parcel was left at the wrong address. This is completely unacceptable and needs fixing NOW.,DELIVERY,CRITICAL
This is really frustrating - i have not received my refund.,REFUND,HIGH
This is unacceptable - refund shows processed but I don't see it in my bank. I demand an immediate resolution.,REFUND,CRITICAL
I need help - i'm seeing a blank screen instead of the dashboard.,TECHNICAL,MEDIUM
I need this fixed soon - my delivery is delayed. Please fix this ASAP.,DELIVERY,HIGH
I need this fixed soon - my payment is stuck processing for 2 days. This is affecting my work.,PAYMENT,HIGH
Please help immediately - my dashboard was suspended without warning. Please fix this ASAP.,ACCOUNT,HIGH
I'm being charged a fee I don't recognize.,PAYMENT,HIGH
The tracking hasn't updated in several days. Please fix this ASAP.,DELIVERY,HIGH
I need this fixed soon - i want to file a complaint.,OTHER,HIGH
"No rush, but how can I change my account email. Thanks.",ACCOUNT,LOW
The notifications are not working.,TECHNICAL,LOW
"No rush, but is there a student discount available. No hurry.",OTHER,LOW
This needs to be resolved right now - the API keeps returning 403. I want this escalated immediately.,TECHNICAL,CRITICAL
Please help immediately - i was charged twice for the same order. Please fix this ASAP.,PAYMENT,HIGH
"Whenever you get a chance, how do I delete my dashboard. Thanks.",ACCOUNT,LOW
This is really frustrating - i was billed in the wrong currency.,PAYMENT,HIGH
"No rush, but how do I contact a human representative.",OTHER,LOW
"No rush, but can I get a refund instead of store credit. Whenever convenient.",REFUND,LOW
"Whenever you get a chance, the refund policy is unclear to me. Thanks.",REFUND,LOW
I need help - how do I request a refund. Please advise.,REFUND,MEDIUM
"No rush, but what are your business hours. No hurry.",OTHER,LOW
Can you expedite my parcel. Can someone help?,DELIVERY,MEDIUM
I was only refunded part of the amount. Please fix this ASAP.,REFUND,HIGH
This is urgent - my delivery is delayed. This is affecting my work.,DELIVERY,HIGH
I'm having trouble - i cannot access my profile. Please advise.,ACCOUNT,MEDIUM
"No rush, but i forgot my password for my login. Thanks.",ACCOUNT,LOW
This is unacceptable - i want to dispute a charge and request a refund. I want this escalated immediately.,REFUND,CRITICAL
This needs to be resolved right now - i was charged $250 but my order was cancelled. This is completely unacceptable and needs fixing NOW.,PAYMENT,CRITICAL
I need help - i need to change the delivery date for #31643.,DELIVERY,MEDIUM
I need this fixed soon - i'm being charged a fee I don't recognize.,PAYMENT,HIGH
This is really frustrating - my package arrived damaged.,DELIVERY,HIGH
How do I contact a human representative. Please advise.,OTHER,MEDIUM
I'm having trouble - i want to file a complaint.,OTHER,MEDIUM
This is really frustrating - i cannot access my account. I need a resolution today.,ACCOUNT,HIGH
I need help with something. Please advise.,OTHER,MEDIUM
This needs to be resolved right now - i was charged twice for the same order. I want this escalated immediately.,PAYMENT,CRITICAL
"Whenever you get a chance, i want to merge two accounts. Thanks.",ACCOUNT,LOW
I need help - the system is not compatible with my Safari browser.,TECHNICAL,MEDIUM
I am extremely upset - my data disappeared after the update. This is completely unacceptable and needs fixing NOW.,TECHNICAL,CRITICAL
"No rush, but i want to unsubscribe from marketing emails. Thanks.",OTHER,LOW
The package is missing items. Please advise.,DELIVERY,MEDIUM
I'm having trouble - when will I receive my refund.,REFUND,MEDIUM
This is urgent - the courier never showed up. This is affecting my work.,DELIVERY,HIGH
I am extremely upset - my refund was sent to the wrong card. This is completely unacceptable and needs fixing NOW.,REFUND,CRITICAL
I'm having trouble - i cannot log into my membership. Let me know.,ACCOUNT,MEDIUM
I need this fixed soon - i received the wrong item in my order.,DELIVERY,HIGH
"Whenever you get a chance, i need to change the delivery date for #93227. Whenever convenient.",DELIVERY,LOW
"I was charged $1,200 but my order was cancelled. This is affecting my work.",PAYMENT,HIGH
My refund request was denied and I don't understand why. Can someone help?,REFUND,MEDIUM
Where is my package. Whenever convenient.,DELIVERY,LOW
"No rush, but do you have a loyalty program. Whenever convenient.",OTHER,LOW
URGENT - i need a refund because the shipment never arrived. I demand an immediate resolution.,REFUND,CRITICAL
I'm having trouble - i need to change the delivery date for #20328. Please advise.,DELIVERY,MEDIUM
Could someone assist - the portal is not compatible with my desktop. Let me know.,TECHNICAL,MEDIUM
"No rush, but is there a student discount available.",OTHER,LOW
Could someone assist - the tracking hasn't updated in two weeks. Please advise.,DELIVERY,MEDIUM
"Whenever you get a chance, i have a suggestion for a new feature. Whenever convenient.",OTHER,LOW
I have not received my refund. This is affecting my work.,REFUND,HIGH
I'm having trouble - the website logged me out randomly.,TECHNICAL,MEDIUM
I'm having trouble - please refund my payment. Please advise.,REFUND,MEDIUM
This is urgent - i can't upload files on the app.,TECHNICAL,HIGH
Please help immediately - i was charged $199 but my order was cancelled. Please fix this ASAP.,PAYMENT,HIGH
My delivery is delayed. Let me know.,DELIVERY,MEDIUM
I need this fixed soon - i want a refund for my order. Please fix this ASAP.,REFUND,HIGH
I want to unsubscribe from marketing emails. Whenever convenient.,OTHER,LOW
"Just wondering, i have a general question.",OTHER,LOW
Quick question - this is regarding a partnership inquiry. Thanks.,OTHER,LOW
Quick question - i need assistance. No hurry.,OTHER,LOW
Quick question - this is regarding a partnership inquiry. No hurry.,OTHER,LOW
I'm having trouble - i keep getting logged out of my membership. Can someone help?,ACCOUNT,MEDIUM
I'm having trouble - can I speak to a manager. Please advise.,OTHER,MEDIUM
How long does a refund usually take. Thanks.,REFUND,LOW
The delivery driver couldn't find my address. Can someone help?,DELIVERY,MEDIUM
This is urgent - my order was left at the wrong address. Please fix this ASAP.,DELIVERY,HIGH
I need help - the notifications are not working. Let me know.,TECHNICAL,MEDIUM
I'm having trouble - can you refund my subscription for this month.,REFUND,MEDIUM
My parcel #44671 shows delivered but I never received it. This is affecting my work.,DELIVERY,HIGH
I keep getting 404 when I try to log in.,TECHNICAL,HIGH
"Just wondering, how can I change my account email. No hurry.",ACCOUNT,LOW
This is really frustrating - i'm seeing a blank screen instead of the dashboard. This is affecting my work.,TECHNICAL,HIGH
How do I delete my user account. Whenever convenient.,ACCOUNT,LOW
Quick question - do you have a loyalty program. Whenever convenient.,OTHER,LOW
Please help immediately - my delivery is delayed. This is affecting my work.,DELIVERY,HIGH
I need help - my subscription is linked to the wrong membership.,ACCOUNT,MEDIUM
The website froze and I lost all my work. Please fix this ASAP.,TECHNICAL,HIGH
This is an emergency - i see an unauthorized charge of $12.50 on my account.,PAYMENT,CRITICAL
I need this fixed soon - my delivery arrived damaged. This is affecting my work.,DELIVERY,HIGH
This is an emergency - someone else logged into my login. I demand an immediate resolution.,ACCOUNT,CRITICAL
URGENT - my delivery #18675 shows delivered but I never received it. I demand an immediate resolution.,DELIVERY,CRITICAL
URGENT - the application keeps crashing. I demand an immediate resolution.,TECHNICAL,CRITICAL
I need help - the search feature is broken. Please advise.,TECHNICAL,MEDIUM
Please help immediately - i returned my item but haven't been refunded.,REFUND,HIGH
Could someone assist - images are not loading on the app. Let me know.,TECHNICAL,MEDIUM
This is urgent - i have not received my refund. This is affecting my work.,REFUND,HIGH
Quick question - i'm not sure who to contact about this.,OTHER,LOW
This is unacceptable - i see an unauthorized charge of $12.50 on my account.,PAYMENT,CRITICAL
Quick question - images are not loading on the mobile app. Thanks.,TECHNICAL,LOW
This is really frustrating - payPal payment did not go through. I need a resolution today.,PAYMENT,HIGH
I need help - my payment is stuck processing for 10 days. Let me know.,PAYMENT,MEDIUM
I'm having trouble - my payment is stuck processing for a week. Please advise.,PAYMENT,MEDIUM
"No rush, but i need help with something. Whenever convenient.",OTHER,LOW
I need help - the package is missing items. Please advise.,DELIVERY,MEDIUM
This is an emergency - i see an unauthorized charge of $15.75 on my account. This is completely unacceptable and needs fixing NOW.,PAYMENT,CRITICAL
This needs to be resolved right now - refund shows processed but I don't see it in my bank. I want this escalated immediately.,REFUND,CRITICAL
Could someone assist - i was charged a restocking fee I wasn't told about.,REFUND,MEDIUM
I keep getting logged out of my profile.,ACCOUNT,MEDIUM
I need a refund because the package never arrived.,REFUND,HIGH
I am extremely upset - i keep getting 403 when I try to log in. This is completely unacceptable and needs fixing NOW.,TECHNICAL,CRITICAL
Could someone assist - i need to change the delivery date for #52487. Can someone help?,DELIVERY,MEDIUM
I need this fixed soon - i'm stuck on a loading screen. Please fix this ASAP.,TECHNICAL,HIGH
This is really frustrating - i was billed in the wrong currency. Please fix this ASAP.,PAYMENT,HIGH
This is an emergency - i think my account was hacked.,ACCOUNT,CRITICAL
I am extremely upset - my delivery #40021 shows delivered but I never received it. This is completely unacceptable and needs fixing NOW.,DELIVERY,CRITICAL
I need help - my subscription is linked to the wrong profile. Please advise.,ACCOUNT,MEDIUM
This is really frustrating - the package is missing items. I need a resolution today.,DELIVERY,HIGH
Could someone assist - i never received the verification code. Let me know.,ACCOUNT,MEDIUM
URGENT - the API keeps returning null pointer exception.,TECHNICAL,CRITICAL
I need to update my payment method.,PAYMENT,LOW
I am extremely upset - someone else logged into my user account. I demand an immediate resolution.,ACCOUNT,CRITICAL
"Whenever you get a chance, how long does a refund usually take.",REFUND,LOW
This is urgent - i was billed in the wrong currency. I need a resolution today.,PAYMENT,HIGH
URGENT - the app crashes every time I open it on my Safari browser. I want this escalated immediately.,TECHNICAL,CRITICAL
This is really frustrating - i want to file a complaint. This is affecting my work.,OTHER,HIGH
I am extremely upset - i was charged $89.00 but my order was cancelled.,PAYMENT,CRITICAL
I'm having trouble - my invoice shows an incorrect total.,PAYMENT,MEDIUM
Quick question - how do I delete my login. Thanks.,ACCOUNT,LOW
"Whenever you get a chance, i have a suggestion for a new feature. Thanks.",OTHER,LOW
"No rush, but i need information about your terms of service. No hurry.",OTHER,LOW
This is urgent - i was charged twice for the same order. This is affecting my work.,PAYMENT,HIGH
I need help - i was charged a restocking fee I wasn't told about.,REFUND,MEDIUM
URGENT - my refund was sent to the wrong card.,REFUND,CRITICAL
Please help immediately - my user account was suspended without warning. I need a resolution today.,ACCOUNT,HIGH
This is urgent - my package #22280 shows delivered but I never received it. I need a resolution today.,DELIVERY,HIGH
This is really frustrating - my shipment arrived damaged.,DELIVERY,HIGH
I need help - my invoice shows an incorrect total.,PAYMENT,MEDIUM
None of the buttons on the system are responding.,TECHNICAL,HIGH
I am extremely upset - the app crashes every time I open it on my laptop.,TECHNICAL,CRITICAL
I cannot access my dashboard. Please fix this ASAP.,ACCOUNT,HIGH
I need help - my payment failed. Let me know.,PAYMENT,MEDIUM
Quick question - can you expedite my shipment. Thanks.,DELIVERY,LOW
I returned my item but haven't been refunded. Let me know.,REFUND,MEDIUM
I'm having trouble - there's a bug in the latest update. Let me know.,TECHNICAL,MEDIUM
Could someone assist - i received the wrong item in my shipment. Please advise.,DELIVERY,MEDIUM
I want to cancel my order and get a refund. Can someone help?,REFUND,MEDIUM
Could someone assist - please help me recover my old user account. Let me know.,ACCOUNT,MEDIUM
Could someone assist - i can't verify my email address. Let me know.,ACCOUNT,MEDIUM
This is urgent - please refund my payment. Please fix this ASAP.,REFUND,HIGH
"No rush, but how do I contact a human representative. No hurry.",OTHER,LOW
The order has not arrived yet. Let me know.,DELIVERY,MEDIUM
Could someone assist - i received the wrong item in my order.,DELIVERY,MEDIUM
This is unacceptable - i see an unauthorized charge of $430 on my account. I want this escalated immediately.,PAYMENT,CRITICAL
"Just wondering, how can I change my account email.",ACCOUNT,LOW
"No rush, but can I get a copy of my receipt. Thanks.",PAYMENT,LOW
Could someone assist - i can't verify my email address. Can someone help?,ACCOUNT,MEDIUM
Please help immediately - can I speak to a manager. This is affecting my work.,OTHER,HIGH
Could someone assist - the search feature is broken.,TECHNICAL,MEDIUM
Could someone assist - i was billed in the wrong currency.,PAYMENT,MEDIUM
I never received the verification code. Let me know.,ACCOUNT,MEDIUM
Please help immediately - the platform froze and I lost all my work. Please fix this ASAP.,TECHNICAL,HIGH
Quick question - can I get a copy of my receipt. Thanks.,PAYMENT,LOW
I need help - the system logged me out randomly.,TECHNICAL,MEDIUM
"Whenever you get a chance, is there a student discount available.",OTHER,LOW
Could someone assist - payPal payment did not go through. Can someone help?,PAYMENT,MEDIUM
I want a refund for my order. This is affecting my work.,REFUND,HIGH
URGENT - my subscription renewed but I cancelled it last month. I demand an immediate resolution.,PAYMENT,CRITICAL
I need help - i'm being charged a fee I don't recognize. Let me know.,PAYMENT,MEDIUM
I want a refund for my order. Can someone help?,REFUND,MEDIUM
This needs to be resolved right now - my refund was sent to the wrong card. I want this escalated immediately.,REFUND,CRITICAL
This needs to be resolved right now - my refund of $15.75 still hasn't shown up after two weeks. This is completely unacceptable and needs fixing NOW.,REFUND,CRITICAL
I am extremely upset - i see an unauthorized charge of $199 on my account.,PAYMENT,CRITICAL
I need help - my delivery has been sitting at the warehouse for a week. Can someone help?,DELIVERY,MEDIUM
Could someone assist - the package is missing items. Let me know.,DELIVERY,MEDIUM
"Whenever you get a chance, i need to reschedule my delivery. No hurry.",DELIVERY,LOW
"I need this fixed soon - my refund of $1,200 still hasn't shown up after 3 days. Please fix this ASAP.",REFUND,HIGH
Please help immediately - can I speak to a manager. I need a resolution today.,OTHER,HIGH
Please help immediately - the checkout page keeps rejecting my card. This is affecting my work.,PAYMENT,HIGH
I need help - my saved card is not showing up anymore. Please advise.,PAYMENT,MEDIUM
I only received part of my delivery. I need a resolution today.,DELIVERY,HIGH
Please help immediately - the wrong amount was charged to my card.,PAYMENT,HIGH
I want to file a complaint. I need a resolution today.,OTHER,HIGH
This needs to be resolved right now - i see an unauthorized charge of $5.99 on my account. This is completely unacceptable and needs fixing NOW.,PAYMENT,CRITICAL
"Just wondering, i want to track my shipment.",DELIVERY,LOW
I need help - i am getting an error on the website. Can someone help?,TECHNICAL,MEDIUM
I am extremely upset - my shipment was left at the wrong address.,DELIVERY,CRITICAL
This is urgent - i want to cancel my order and get a refund.,REFUND,HIGH
How do I request a refund. Can someone help?,REFUND,MEDIUM
This is really frustrating - i cannot log into my profile. I need a resolution today.,ACCOUNT,HIGH
"Just wondering, i have a general question. Whenever convenient.",OTHER,LOW
"Whenever you get a chance, i need to change the delivery date for #20322. No hurry.",DELIVERY,LOW
"No rush, but i need assistance. Whenever convenient.",OTHER,LOW
I can't upload files on the website. Please fix this ASAP.,TECHNICAL,HIGH
I need this fixed soon - my delivery #65392 shows delivered but I never received it. I need a resolution today.,DELIVERY,HIGH
I need help - can I change my delivery address. Let me know.,DELIVERY,MEDIUM
This needs to be resolved right now - the app froze and I lost all my work. I want this escalated immediately.,TECHNICAL,CRITICAL
Quick question - the refund policy is unclear to me. No hurry.,REFUND,LOW
I have an issue with my order. Let me know.,OTHER,MEDIUM
Quick question - my profile shows the wrong information. No hurry.,ACCOUNT,LOW
I need this fixed soon - my card was declined. This is affecting my work.,PAYMENT,HIGH
This is really frustrating - i keep getting 404 when I try to log in. Please fix this ASAP.,TECHNICAL,HIGH
I'd like to give some feedback about your service. Whenever convenient.,OTHER,LOW
I need this fixed soon - my payment is stuck processing for 3 days. I need a resolution today.,PAYMENT,HIGH
I can't update my billing address on my user account. Let me know.,ACCOUNT,MEDIUM
This is urgent - the app crashes every time I open it on my desktop. Please fix this ASAP.,TECHNICAL,HIGH
I only received part of my order. Please fix this ASAP.,DELIVERY,HIGH
My delivery was left at the wrong address. This is affecting my work.,DELIVERY,HIGH
This is urgent - i returned my item but haven't been refunded. Please fix this ASAP.,REFUND,HIGH
How do I contact a human representative. Whenever convenient.,OTHER,LOW
This is urgent - the API keeps returning 502. I need a resolution today.,TECHNICAL,HIGH
Please help immediately - the transaction failed at checkout. Please fix this ASAP.,PAYMENT,HIGH
The page is not loading. I need a resolution today.,TECHNICAL,HIGH
This is really frustrating - my two-factor authentication isn't working. I need a resolution today.,ACCOUNT,HIGH
Could someone assist - where is my package. Please advise.,DELIVERY,MEDIUM
Please help immediately - refund shows processed but I don't see it in my bank. Please fix this ASAP.,REFUND,HIGH
I'm having trouble - the page is not loading. Please advise.,TECHNICAL,MEDIUM
I'm having trouble - i cannot access my account. Let me know.,ACCOUNT,MEDIUM
"Whenever you get a chance, can I change my delivery address.",DELIVERY,LOW
Quick question - i want to update my username. No hurry.,ACCOUNT,LOW
Quick question - the notifications are not working. No hurry.,TECHNICAL,LOW
"Just wondering, images are not loading on the mobile app. Thanks.",TECHNICAL,LOW
Could someone assist - i want to cancel my order and get a refund. Please advise.,REFUND,MEDIUM
I'm having trouble - the package is missing items. Can someone help?,DELIVERY,MEDIUM
The discount code did not apply at checkout. Please advise.,PAYMENT,MEDIUM
This is urgent - payPal payment did not go through.,PAYMENT,HIGH
I need help - i can't verify my email address.,ACCOUNT,MEDIUM
The tracking hasn't updated in 3 days.,DELIVERY,HIGH
I need help - i can't update my billing address on my account. Please advise.,ACCOUNT,MEDIUM
Where is my package. Can someone help?,DELIVERY,MEDIUM
Could someone assist - can you refund my subscription for this month. Let me know.,REFUND,MEDIUM
I need this fixed soon - i cannot access my membership. I need a resolution today.,ACCOUNT,HIGH
Could someone assist - the checkout page keeps rejecting my card. Can someone help?,PAYMENT,MEDIUM
"This needs to be resolved right now - i see an unauthorized charge of $1,200 on my account. This is completely unacceptable and needs fixing NOW.",PAYMENT,CRITICAL
"Just wondering, the notifications are not working. Thanks.",TECHNICAL,LOW
"I'm having trouble - i returned the wrong item by mistake, can I still get a refund. Please advise.",REFUND,MEDIUM
I need help - i need assistance. Please advise.,OTHER,MEDIUM
"Just wondering, i have a general question. No hurry.",OTHER,LOW
"Whenever you get a chance, how do I contact a human representative. Whenever convenient.",OTHER,LOW
How can I change my account email. No hurry.,ACCOUNT,LOW
This is urgent - my delivery has been sitting at the warehouse for 2 days. This is affecting my work.,DELIVERY,HIGH
I need help - i'm not sure who to contact about this. Please advise.,OTHER,MEDIUM
I'm having trouble - i need to update my payment method.,PAYMENT,MEDIUM
Could someone assist - how do I request a refund. Let me know.,REFUND,MEDIUM
The API keeps returning null pointer exception. I need a resolution today.,TECHNICAL,HIGH
I'm having trouble - my two-factor authentication isn't working.,ACCOUNT,MEDIUM
"Whenever you get a chance, i want to track my shipment. Thanks.",DELIVERY,LOW
I need help - payment is not going through.,PAYMENT,MEDIUM
I am extremely upset - my subscription renewed but I cancelled it last month. This is completely unacceptable and needs fixing NOW.,PAYMENT,CRITICAL
I need this fixed soon - i was only refunded part of the amount.,REFUND,HIGH
"No rush, but i want to track my shipment. Whenever convenient.",DELIVERY,LOW
Please help immediately - the tracking hasn't updated in two weeks. I need a resolution today.,DELIVERY,HIGH
This is unacceptable - i think my account was hacked. I demand an immediate resolution.,ACCOUNT,CRITICAL
"Just wondering, i want to merge two accounts.",ACCOUNT,LOW
"No rush, but do you have a loyalty program. Thanks.",OTHER,LOW
This is unacceptable - the app crashes every time I open it on my desktop. I demand an immediate resolution.,TECHNICAL,CRITICAL
The courier never showed up. Can someone help?,DELIVERY,MEDIUM
"Just wondering, i want to track my shipment. Thanks.",DELIVERY,LOW
"No rush, but can you help me. Whenever convenient.",OTHER,LOW
"Just wondering, i need to reschedule my delivery.",DELIVERY,LOW
I'm having trouble - the transaction failed at checkout.,PAYMENT,MEDIUM
Please help immediately - i was only refunded part of the amount. Please fix this ASAP.,REFUND,HIGH
The delivery driver couldn't find my address. Please advise.,DELIVERY,MEDIUM
Please help immediately - the tracking hasn't updated in 2 days. Please fix this ASAP.,DELIVERY,HIGH
I need help - my invoice shows an incorrect total. Let me know.,PAYMENT,MEDIUM
I need this fixed soon - my delivery has been sitting at the warehouse for 10 days. This is affecting my work.,DELIVERY,HIGH
This needs to be resolved right now - i think my account was hacked. This is completely unacceptable and needs fixing NOW.,ACCOUNT,CRITICAL
URGENT - someone else logged into my membership. I demand an immediate resolution.,ACCOUNT,CRITICAL
I need help - my saved card is not showing up anymore.,PAYMENT,MEDIUM
None of the buttons on the platform are responding. I need a resolution today.,TECHNICAL,HIGH
"Just wondering, how do I contact a human representative.",OTHER,LOW
I need help - the order has not arrived yet. Can someone help?,DELIVERY,MEDIUM
I need help - my parcel arrived damaged.,DELIVERY,MEDIUM
My data disappeared after the update. Please fix this ASAP.,TECHNICAL,HIGH
Could someone assist - the website is not compatible with my Chrome browser. Let me know.,TECHNICAL,MEDIUM
Can I get a refund instead of store credit. Can someone help?,REFUND,MEDIUM
I'm having trouble - i was only refunded part of the amount.,REFUND,MEDIUM
This needs to be resolved right now - i need a refund because the shipment never arrived. This is completely unacceptable and needs fixing NOW.,REFUND,CRITICAL
This is urgent - payPal payment did not go through. I need a resolution today.,PAYMENT,HIGH
I'm seeing a blank screen instead of the dashboard. I need a resolution today.,TECHNICAL,HIGH
This is urgent - my payment is stuck processing for several days. Please fix this ASAP.,PAYMENT,HIGH
Can I get a copy of my receipt. Thanks.,PAYMENT,LOW
My invoice shows an incorrect total. Please advise.,PAYMENT,MEDIUM
This is urgent - payment is not going through. This is affecting my work.,PAYMENT,HIGH
I'm having trouble - i am getting an error on the website. Please advise.,TECHNICAL,MEDIUM
I need this fixed soon - my payment is stuck processing for 2 days.,PAYMENT,HIGH
The notifications are not working. No hurry.,TECHNICAL,LOW
Could someone assist - my delivery is delayed. Please advise.,DELIVERY,MEDIUM
This is really frustrating - the app froze and I lost all my work. I need a resolution today.,TECHNICAL,HIGH
This needs to be resolved right now - the app crashes every time I open it on my tablet. I want this escalated immediately.,TECHNICAL,CRITICAL
I need this fixed soon - none of the buttons on the portal are responding. Please fix this ASAP.,TECHNICAL,HIGH
I need assistance. Can someone help?,OTHER,MEDIUM
My package is stuck in customs.,DELIVERY,HIGH
Please help immediately - my payment failed.,PAYMENT,HIGH
The search feature is broken. Please advise.,TECHNICAL,MEDIUM
"No rush, but i want to switch my payment method to a different card.",PAYMENT,LOW
I'm having trouble - the website is not compatible with my Android phone. Can someone help?,TECHNICAL,MEDIUM
Please help immediately - the application keeps crashing. I need a resolution today.,TECHNICAL,HIGH
This is really frustrating - my refund was sent to the wrong card. I need a resolution today.,REFUND,HIGH
"Just wondering, i'd like to give some feedback about your service. Thanks.",OTHER,LOW
URGENT - the application keeps crashing.,TECHNICAL,CRITICAL
I'm having trouble - i need assistance. Can someone help?,OTHER,MEDIUM
I can't verify my email address. Can someone help?,ACCOUNT,MEDIUM
"Just wondering, i want to unsubscribe from marketing emails. No hurry.",OTHER,LOW
"Just wondering, my membership shows the wrong information. No hurry.",ACCOUNT,LOW
I need to change the delivery date for #31643. Thanks.,DELIVERY,LOW
"Whenever you get a chance, the app is very slow. No hurry.",TECHNICAL,LOW
"No rush, but do you have a loyalty program. No hurry.",OTHER,LOW
I'm having trouble - how do I contact a human representative. Can someone help?,OTHER,MEDIUM
This is unacceptable - i need a refund because the package never arrived.,REFUND,CRITICAL
I need help - how do I contact a human representative. Please advise.,OTHER,MEDIUM
My refund request was denied and I don't understand why. Let me know.,REFUND,MEDIUM
This is really frustrating - the courier never showed up. I need a resolution today.,DELIVERY,HIGH
I'm having trouble - the website is not compatible with my Safari browser.,TECHNICAL,MEDIUM
Could someone assist - the tracking hasn't updated in several days. Please advise.,DELIVERY,MEDIUM
I'm having trouble - i want to file a complaint. Please advise.,OTHER,MEDIUM
This is urgent - i want a refund for my order. I need a resolution today.,REFUND,HIGH
Quick question - i need to reschedule my delivery. Whenever convenient.,DELIVERY,LOW
"Just wondering, this is regarding a partnership inquiry. Whenever convenient.",OTHER,LOW
"Whenever you get a chance, i want to switch my payment method to a different card. Whenever convenient.",PAYMENT,LOW
I am extremely upset - someone else logged into my login. This is completely unacceptable and needs fixing NOW.,ACCOUNT,CRITICAL
I'm having trouble - my refund request was denied and I don't understand why. Let me know.,REFUND,MEDIUM
"No rush, but images are not loading on the platform. No hurry.",TECHNICAL,LOW
Could someone assist - the courier never showed up. Please advise.,DELIVERY,MEDIUM
"Whenever you get a chance, can I get a copy of my receipt. Thanks.",PAYMENT,LOW
"Just wondering, i need to change the delivery date for #83563.",DELIVERY,LOW
This is really frustrating - my data disappeared after the update. Please fix this ASAP.,TECHNICAL,HIGH
Can I change my delivery address. Let me know.,DELIVERY,MEDIUM
I'm having trouble - the checkout page keeps rejecting my card. Please advise.,PAYMENT,MEDIUM
This is an emergency - my refund was sent to the wrong card. I demand an immediate resolution.,REFUND,CRITICAL
"No rush, but the discount code did not apply at checkout.",PAYMENT,LOW
This is an emergency - i have not received my refund. I demand an immediate resolution.,REFUND,CRITICAL
My order has not been delivered. Let me know.,DELIVERY,MEDIUM
Please help immediately - i can't upload files on the website. Please fix this ASAP.,TECHNICAL,HIGH
I'm not sure who to contact about this. Let me know.,OTHER,MEDIUM
I'm having trouble - the order has not arrived yet. Please advise.,DELIVERY,MEDIUM
This is really frustrating - my parcel was left at the wrong address. Please fix this ASAP.,DELIVERY,HIGH
I need help - i can't verify my email address. Can someone help?,ACCOUNT,MEDIUM
Please help immediately - my order was left at the wrong address. This is affecting my work.,DELIVERY,HIGH
"Just wondering, can I change my delivery address. Thanks.",DELIVERY,LOW
I'm having trouble - the system logged me out randomly.,TECHNICAL,MEDIUM
I have a general question. Whenever convenient.,OTHER,LOW
I'm having trouble - i cannot log into my profile. Please advise.,ACCOUNT,MEDIUM
"No rush, but how do I request a refund. Thanks.",REFUND,LOW
Can you expedite my shipment. Please advise.,DELIVERY,MEDIUM
I'm having trouble - i want to cancel my order and get a refund. Can someone help?,REFUND,MEDIUM
Quick question - images are not loading on the app. No hurry.,TECHNICAL,LOW
The notifications are not working. Let me know.,TECHNICAL,MEDIUM
Please help immediately - i cannot access my dashboard. I need a resolution today.,ACCOUNT,HIGH
I am extremely upset - my parcel was left at the wrong address. I demand an immediate resolution.,DELIVERY,CRITICAL
Could someone assist - my parcel is stuck in customs. Please advise.,DELIVERY,MEDIUM
"No rush, but this is regarding a partnership inquiry. No hurry.",OTHER,LOW
I am extremely upset - i was charged twice for the same order. I demand an immediate resolution.,PAYMENT,CRITICAL
The portal froze and I lost all my work. Please fix this ASAP.,TECHNICAL,HIGH
This is urgent - i want to dispute a charge and request a refund. This is affecting my work.,REFUND,HIGH
The transaction failed at checkout. Please advise.,PAYMENT,MEDIUM
I'm having trouble - none of the buttons on the app are responding. Please advise.,TECHNICAL,MEDIUM
Could someone assist - please help me recover my old membership. Let me know.,ACCOUNT,MEDIUM
URGENT - the API keeps returning 403. This is completely unacceptable and needs fixing NOW.,TECHNICAL,CRITICAL
Could someone assist - my two-factor authentication isn't working.,ACCOUNT,MEDIUM
Payment is not going through. I need a resolution today.,PAYMENT,HIGH
I need help - my order is stuck in customs. Please advise.,DELIVERY,MEDIUM
My login shows the wrong information.,ACCOUNT,MEDIUM
I need help - payment is not going through. Please advise.,PAYMENT,MEDIUM
Quick question - how can I change my account email.,ACCOUNT,LOW
This is urgent - my payment is stuck processing for 3 days.,PAYMENT,HIGH
Could someone assist - please help me recover my old user account.,ACCOUNT,MEDIUM
This is really frustrating - the API keeps returning 404. Please fix this ASAP.,TECHNICAL,HIGH
I need this fixed soon - the order has not arrived yet. This is affecting my work.,DELIVERY,HIGH
I need this fixed soon - can I speak to a manager. Please fix this ASAP.,OTHER,HIGH
Could someone assist - i only received part of my shipment.,DELIVERY,MEDIUM
I need this fixed soon - i was billed in the wrong currency. Please fix this ASAP.,PAYMENT,HIGH
"No rush, but do you ship internationally. Thanks.",OTHER,LOW
Could someone assist - i can't update my billing address on my membership. Let me know.,ACCOUNT,MEDIUM
This is urgent - my card was declined. This is affecting my work.,PAYMENT,HIGH
My saved card is not showing up anymore. Can someone help?,PAYMENT,MEDIUM
Please help immediately - my order has not been delivered.,DELIVERY,HIGH
This is regarding a partnership inquiry. Thanks.,OTHER,LOW
This is unacceptable - i have not received my refund.,REFUND,CRITICAL
I cannot log into my account.,ACCOUNT,MEDIUM
Could someone assist - i'm seeing a blank screen instead of the dashboard. Please advise.,TECHNICAL,MEDIUM
"Just wondering, i want to merge two accounts. Whenever convenient.",ACCOUNT,LOW
I'm having trouble - i was billed in the wrong currency. Let me know.,PAYMENT,MEDIUM
My parcel has been sitting at the warehouse for a week. Can someone help?,DELIVERY,MEDIUM
I need this fixed soon - i was billed in the wrong currency.,PAYMENT,HIGH
I need this fixed soon - i keep getting logged out of my account.,ACCOUNT,HIGH
I'm having trouble - my order is stuck in customs. Can someone help?,DELIVERY,MEDIUM
I need this fixed soon - my package #20458 shows delivered but I never received it. Please fix this ASAP.,DELIVERY,HIGH
Quick question - do you ship internationally. No hurry.,OTHER,LOW
Could someone assist - i can't update my billing address on my dashboard. Let me know.,ACCOUNT,MEDIUM
The page is not loading. Please fix this ASAP.,TECHNICAL,HIGH
This is an emergency - my subscription renewed but I cancelled it last month. I demand an immediate resolution.,PAYMENT,CRITICAL
I'm having trouble - i only received part of my order. Let me know.,DELIVERY,MEDIUM
The page is not loading.,TECHNICAL,HIGH
This is urgent - i'm stuck on a loading screen. I need a resolution today.,TECHNICAL,HIGH
I'm having trouble - i'm being charged a fee I don't recognize.,PAYMENT,MEDIUM
I'm having trouble - i need to update my payment method. Let me know.,PAYMENT,MEDIUM
This needs to be resolved right now - i think my account was hacked. I want this escalated immediately.,ACCOUNT,CRITICAL
This is urgent - my refund of $430 still hasn't shown up after two weeks. This is affecting my work.,REFUND,HIGH
I need help - the package is missing items. Let me know.,DELIVERY,MEDIUM
"No rush, but how do I delete my membership. Whenever convenient.",ACCOUNT,LOW
I'm seeing a blank screen instead of the dashboard. Please fix this ASAP.,TECHNICAL,HIGH
This needs to be resolved right now - i was charged $89.00 but my order was cancelled. This is completely unacceptable and needs fixing NOW.,PAYMENT,CRITICAL
I'm having trouble - can I change my delivery address. Let me know.,DELIVERY,MEDIUM
I'm having trouble - the transaction failed at checkout. Let me know.,PAYMENT,MEDIUM
URGENT - the website froze and I lost all my work. I want this escalated immediately.,TECHNICAL,CRITICAL
Could someone assist - the system logged me out randomly. Can someone help?,TECHNICAL,MEDIUM
I need this fixed soon - the courier never showed up.,DELIVERY,HIGH
What are your business hours. Whenever convenient.,OTHER,LOW
I'm stuck on a loading screen. I need a resolution today.,TECHNICAL,HIGH
"No rush, but i want to switch my payment method to a different card. Thanks.",PAYMENT,LOW
I'm having trouble - i received the wrong item in my delivery. Let me know.,DELIVERY,MEDIUM
Could someone assist - my payment failed.,PAYMENT,MEDIUM
Please help immediately - my package has been sitting at the warehouse for 5 days.,DELIVERY,HIGH
I need help - i keep getting logged out of my user account. Let me know.,ACCOUNT,MEDIUM
"Whenever you get a chance, when will I receive my refund.",REFUND,LOW
This is really frustrating - i'm seeing a blank screen instead of the dashboard. I need a resolution today.,TECHNICAL,HIGH
URGENT - i was charged twice for the same order. I demand an immediate resolution.,PAYMENT,CRITICAL
I need to change the delivery date for #47930. Please advise.,DELIVERY,MEDIUM
This is really frustrating - someone else logged into my profile.,ACCOUNT,HIGH
Could someone assist - i want a refund for my order. Please advise.,REFUND,MEDIUM
My payment failed. Please advise.,PAYMENT,MEDIUM
I'm having trouble - can I speak to a manager. Let me know.,OTHER,MEDIUM
I need this fixed soon - i want to file a complaint. This is affecting my work.,OTHER,HIGH
Please help immediately - the courier never showed up. I need a resolution today.,DELIVERY,HIGH
I can't verify my email address. Let me know.,ACCOUNT,MEDIUM
"Whenever you get a chance, do you have a loyalty program. No hurry.",OTHER,LOW
"No rush, but i want to unsubscribe from marketing emails.",OTHER,LOW
Quick question - i'd like to give some feedback about your service.,OTHER,LOW
I need to change the delivery date for #40495. Please advise.,DELIVERY,MEDIUM
How can I change my account email. Whenever convenient.,ACCOUNT,LOW
This is unacceptable - refund shows processed but I don't see it in my bank. I want this escalated immediately.,REFUND,CRITICAL
My payment is stuck processing for 2 days. Please advise.,PAYMENT,MEDIUM
I need information about your terms of service. No hurry.,OTHER,LOW
This is really frustrating - i returned my item but haven't been refunded. I need a resolution today.,REFUND,HIGH
The transaction failed at checkout.,PAYMENT,MEDIUM
Please help immediately - i'm being charged a fee I don't recognize.,PAYMENT,HIGH
I'm having trouble - i'm seeing a blank screen instead of the dashboard. Please advise.,TECHNICAL,MEDIUM
"Just wondering, i need to update my payment method. No hurry.",PAYMENT,LOW
"No rush, but the refund policy is unclear to me. Whenever convenient.",REFUND,LOW
This is an emergency - my delivery #17331 shows delivered but I never received it. I demand an immediate resolution.,DELIVERY,CRITICAL
This is really frustrating - please refund my payment. Please fix this ASAP.,REFUND,HIGH
URGENT - i want to dispute a charge and request a refund.,REFUND,CRITICAL
Payment is not going through. Please fix this ASAP.,PAYMENT,HIGH
My two-factor authentication isn't working. I need a resolution today.,ACCOUNT,HIGH
"Whenever you get a chance, i want to track my shipment. No hurry.",DELIVERY,LOW
Can you refund my subscription for this month.,REFUND,LOW
I need this fixed soon - the package is missing items. Please fix this ASAP.,DELIVERY,HIGH
I am getting an error on the website. I need a resolution today.,TECHNICAL,HIGH
"No rush, but the discount code did not apply at checkout. Thanks.",PAYMENT,LOW
Can I get a copy of my receipt. No hurry.,PAYMENT,LOW
I need help - my invoice shows an incorrect total. Can someone help?,PAYMENT,MEDIUM
I need help - when will I receive my refund. Can someone help?,REFUND,MEDIUM
"Just wondering, the notifications are not working. No hurry.",TECHNICAL,LOW
I need help - i cannot access my login. Please advise.,ACCOUNT,MEDIUM
I need to reschedule my delivery. Thanks.,DELIVERY,LOW
"Whenever you get a chance, do you ship internationally. Whenever convenient.",OTHER,LOW
Could someone assist - i need to change the delivery date for #54118. Let me know.,DELIVERY,MEDIUM
Please help immediately - my shipment #58520 shows delivered but I never received it. This is affecting my work.,DELIVERY,HIGH
I'm having trouble - my subscription is linked to the wrong membership. Please advise.,ACCOUNT,MEDIUM
Could someone assist - i can't update my billing address on my login. Can someone help?,ACCOUNT,MEDIUM
I can't verify my email address. Please advise.,ACCOUNT,MEDIUM
I need this fixed soon - my refund of $15.75 still hasn't shown up after a week. Please fix this ASAP.,REFUND,HIGH
I'm having trouble - i need to reset my password. Can someone help?,ACCOUNT,MEDIUM
Please help immediately - someone else logged into my membership. I need a resolution today.,ACCOUNT,HIGH
This is really frustrating - i was charged $250 but my order was cancelled. This is affecting my work.,PAYMENT,HIGH
Can you refund my subscription for this month. Thanks.,REFUND,LOW
Could someone assist - where is my package.,DELIVERY,MEDIUM
"Whenever you get a chance, the refund policy is unclear to me. Whenever convenient.",REFUND,LOW
Quick question - i have a question about your privacy policy. Thanks.,OTHER,LOW
Can I change my delivery address. Please advise.,DELIVERY,MEDIUM
I need this fixed soon - can I speak to a manager. This is affecting my work.,OTHER,HIGH
This is really frustrating - can I speak to a manager.,OTHER,HIGH
I keep getting logged out of my dashboard. Please fix this ASAP.,ACCOUNT,HIGH
Could someone assist - i was charged a restocking fee I wasn't told about. Let me know.,REFUND,MEDIUM
I need to reschedule my delivery. Whenever convenient.,DELIVERY,LOW
This is really frustrating - i returned my item but haven't been refunded. This is affecting my work.,REFUND,HIGH
I need this fixed soon - i keep getting 404 when I try to log in.,TECHNICAL,HIGH
"Whenever you get a chance, this is regarding a partnership inquiry. Whenever convenient.",OTHER,LOW
I'm having trouble - my payment is stuck processing for 10 days. Can someone help?,PAYMENT,MEDIUM
"Whenever you get a chance, i have a general question. Whenever convenient.",OTHER,LOW
This is urgent - i am getting an error on the website. I need a resolution today.,TECHNICAL,HIGH
This is really frustrating - my order was left at the wrong address. This is affecting my work.,DELIVERY,HIGH
This needs to be resolved right now - my package #54118 shows delivered but I never received it.,DELIVERY,CRITICAL
Is there a student discount available. Thanks.,OTHER,LOW
The app is very slow. Let me know.,TECHNICAL,MEDIUM
This is urgent - i was charged a restocking fee I wasn't told about. Please fix this ASAP.,REFUND,HIGH
"Whenever you get a chance, do you ship internationally. No hurry.",OTHER,LOW
"Whenever you get a chance, i want to merge two accounts.",ACCOUNT,LOW
Quick question - there's a bug in the latest update.,TECHNICAL,LOW
This is really frustrating - i want to dispute a charge and request a refund.,REFUND,HIGH
"Just wondering, i need to reschedule my delivery. No hurry.",DELIVERY,LOW
This is really frustrating - my profile is locked. I need a resolution today.,ACCOUNT,HIGH
PayPal payment did not go through. Please advise.,PAYMENT,MEDIUM
Quick question - i need information about your terms of service. Whenever convenient.,OTHER,LOW
I was charged twice for the same order. I need a resolution today.,PAYMENT,HIGH
I need help - i was billed in the wrong currency. Can someone help?,PAYMENT,MEDIUM
I need this fixed soon - my payment failed. Please fix this ASAP.,PAYMENT,HIGH
Payment is not going through. This is affecting my work.,PAYMENT,HIGH
I need help - can I speak to a manager. Please advise.,OTHER,MEDIUM
I'm seeing a blank screen instead of the dashboard. This is affecting my work.,TECHNICAL,HIGH
This needs to be resolved right now - i need a refund because the package never arrived. I want this escalated immediately.,REFUND,CRITICAL
Please help immediately - the order has not arrived yet. I need a resolution today.,DELIVERY,HIGH
This is urgent - someone else logged into my profile. This is affecting my work.,ACCOUNT,HIGH
This is really frustrating - my package is stuck in customs. I need a resolution today.,DELIVERY,HIGH
I need help - the platform logged me out randomly. Let me know.,TECHNICAL,MEDIUM
This is really frustrating - the package is missing items. This is affecting my work.,DELIVERY,HIGH
I need help - can I get a refund instead of store credit. Can someone help?,REFUND,MEDIUM
Could someone assist - my delivery is stuck in customs. Please advise.,DELIVERY,MEDIUM
I need this fixed soon - i keep getting logged out of my login. I need a resolution today.,ACCOUNT,HIGH
Please help immediately - i am getting an error on the website. Please fix this ASAP.,TECHNICAL,HIGH
I'm having trouble - i only received part of my package. Please advise.,DELIVERY,MEDIUM
Please help immediately - i'm being charged a fee I don't recognize. This is affecting my work.,PAYMENT,HIGH
I returned my item but haven't been refunded.,REFUND,MEDIUM
Please help immediately - the page is not loading. I need a resolution today.,TECHNICAL,HIGH
My membership shows the wrong information.,ACCOUNT,MEDIUM
This is unacceptable - i see an unauthorized charge of $250 on my account.,PAYMENT,CRITICAL
I need this fixed soon - i'm stuck on a loading screen.,TECHNICAL,HIGH
Could someone assist - the page is not loading. Please advise.,TECHNICAL,MEDIUM
Images are not loading on the website. Thanks.,TECHNICAL,LOW
This is an emergency - i want to dispute a charge and request a refund.,REFUND,CRITICAL
This is really frustrating - the checkout page keeps rejecting my card. Please fix this ASAP.,PAYMENT,HIGH
Quick question - can you help me. Whenever convenient.,OTHER,LOW
I'm having trouble - the package is missing items. Let me know.,DELIVERY,MEDIUM
I was only refunded part of the amount.,REFUND,MEDIUM
I am extremely upset - i was charged twice for the same order. I want this escalated immediately.,PAYMENT,CRITICAL
I'm having trouble - the courier never showed up. Can someone help?,DELIVERY,MEDIUM
I need this fixed soon - refund shows processed but I don't see it in my bank.,REFUND,HIGH
"This is really frustrating - i was charged $1,200 but my order was cancelled. Please fix this ASAP.",PAYMENT,HIGH
"No rush, but the refund policy is unclear to me. Thanks.",REFUND,LOW
"Just wondering, do you offer gift cards. No hurry.",OTHER,LOW
I'm having trouble - my subscription is linked to the wrong dashboard. Let me know.,ACCOUNT,MEDIUM
The search feature is broken. Let me know.,TECHNICAL,MEDIUM
"Just wondering, how do I request a refund. No hurry.",REFUND,LOW
I need this fixed soon - payPal payment did not go through. I need a resolution today.,PAYMENT,HIGH
I am extremely upset - the website is completely down. I demand an immediate resolution.,TECHNICAL,CRITICAL
Please help immediately - the app crashes every time I open it on my Safari browser. Please fix this ASAP.,TECHNICAL,HIGH
This is unacceptable - the app crashes every time I open it on my laptop. This is completely unacceptable and needs fixing NOW.,TECHNICAL,CRITICAL
I forgot my password for my account.,ACCOUNT,LOW
"No rush, but what are your business hours. Whenever convenient.",OTHER,LOW
I need help - my subscription is linked to the wrong dashboard.,ACCOUNT,MEDIUM
Could someone assist - i keep getting logged out of my user account. Let me know.,ACCOUNT,MEDIUM
This is unacceptable - the website is completely down. This is completely unacceptable and needs fixing NOW.,TECHNICAL,CRITICAL
"I'm having trouble - i returned the wrong item by mistake, can I still get a refund. Let me know.",REFUND,MEDIUM
Could someone assist - the delivery driver couldn't find my address.,DELIVERY,MEDIUM
I am extremely upset - the application keeps crashing. This is completely unacceptable and needs fixing NOW.,TECHNICAL,CRITICAL
"No rush, but i have a suggestion for a new feature. Thanks.",OTHER,LOW
Can you help me.,OTHER,LOW
I need this fixed soon - please refund my payment. This is affecting my work.,REFUND,HIGH
"Whenever you get a chance, i need help with something. Thanks.",OTHER,LOW
I need help - i can't update my billing address on my account. Can someone help?,ACCOUNT,MEDIUM
"Just wondering, do you have a loyalty program.",OTHER,LOW
This is really frustrating - my package was left at the wrong address. This is affecting my work.,DELIVERY,HIGH
This is an emergency - my user account was suspended without warning. I want this escalated immediately.,ACCOUNT,CRITICAL
I need help - there's a bug in the latest update. Let me know.,TECHNICAL,MEDIUM
This is an emergency - my profile was suspended without warning. I want this escalated immediately.,ACCOUNT,CRITICAL
"No rush, but how can I change my account email. Whenever convenient.",ACCOUNT,LOW
Could someone assist - i was only refunded part of the amount. Let me know.,REFUND,MEDIUM
This is really frustrating - my card was declined.,PAYMENT,HIGH
This is really frustrating - please refund my payment. This is affecting my work.,REFUND,HIGH
Could someone assist - i cannot log into my account.,ACCOUNT,MEDIUM
"Just wondering, i want to update my username. Whenever convenient.",ACCOUNT,LOW
None of the buttons on the system are responding. Let me know.,TECHNICAL,MEDIUM
I need help - i received the wrong item in my shipment. Can someone help?,DELIVERY,MEDIUM
"No rush, but do you ship internationally. No hurry.",OTHER,LOW
I need help - i'm not sure who to contact about this. Let me know.,OTHER,MEDIUM
Could someone assist - i need to reset my password. Can someone help?,ACCOUNT,MEDIUM
Could someone assist - the transaction failed at checkout. Can someone help?,PAYMENT,MEDIUM
"Just wondering, what are your business hours. Whenever convenient.",OTHER,LOW
"This is unacceptable - my refund of $1,200 still hasn't shown up after a week. This is completely unacceptable and needs fixing NOW.",REFUND,CRITICAL
Do you offer gift cards. No hurry.,OTHER,LOW
Quick question - the discount code did not apply at checkout. No hurry.,PAYMENT,LOW
This is an emergency - i was charged $89.00 but my order was cancelled. I want this escalated immediately.,PAYMENT,CRITICAL
I'm having trouble - images are not loading on the mobile app. Can someone help?,TECHNICAL,MEDIUM
I'm having trouble - the tracking hasn't updated in several days. Can someone help?,DELIVERY,MEDIUM
I was only refunded part of the amount. This is affecting my work.,REFUND,HIGH
Quick question - i have a question about your privacy policy. No hurry.,OTHER,LOW
Could someone assist - my delivery arrived damaged.,DELIVERY,MEDIUM
Quick question - can you expedite my delivery. Thanks.,DELIVERY,LOW
I'm having trouble - the system logged me out randomly. Let me know.,TECHNICAL,MEDIUM
I need help - the portal is not compatible with my Android phone.,TECHNICAL,MEDIUM
I need this fixed soon - i'm being charged a fee I don't recognize. I need a resolution today.,PAYMENT,HIGH
Can I change my delivery address. Thanks.,DELIVERY,LOW
I want to file a complaint. Can someone help?,OTHER,MEDIUM
I need help - my shipment has been sitting at the warehouse for 5 days. Please advise.,DELIVERY,MEDIUM
The app logged me out randomly.,TECHNICAL,MEDIUM
"Whenever you get a chance, how can I change my account email. Thanks.",ACCOUNT,LOW
This needs to be resolved right now - someone else logged into my account. I want this escalated immediately.,ACCOUNT,CRITICAL
I need help - the notifications are not working. Can someone help?,TECHNICAL,MEDIUM
Please help immediately - the order has not arrived yet.,DELIVERY,HIGH
Quick question - i need to update my payment method. Whenever convenient.,PAYMENT,LOW
This is unacceptable - my subscription renewed but I cancelled it last month. I want this escalated immediately.,PAYMENT,CRITICAL
What are your business hours.,OTHER,LOW
I need help - my parcel has been sitting at the warehouse for a week. Can someone help?,DELIVERY,MEDIUM
"No rush, but i'd like to give some feedback about your service. Thanks.",OTHER,LOW
"Whenever you get a chance, i forgot my password for my account. Thanks.",ACCOUNT,LOW
Quick question - the app is very slow. Thanks.,TECHNICAL,LOW
I'm having trouble - my refund request was denied and I don't understand why.,REFUND,MEDIUM
"Just wondering, do you offer gift cards. Thanks.",OTHER,LOW
None of the buttons on the portal are responding.,TECHNICAL,HIGH
Quick question - how long does a refund usually take. Whenever convenient.,REFUND,LOW
"No rush, but i want to update my username. Whenever convenient.",ACCOUNT,LOW
Do you offer gift cards. Thanks.,OTHER,LOW
This needs to be resolved right now - i see an unauthorized charge of $5.99 on my account.,PAYMENT,CRITICAL
I am extremely upset - i see an unauthorized charge of $49.99 on my account. I want this escalated immediately.,PAYMENT,CRITICAL
I need help - the app is very slow. Please advise.,TECHNICAL,MEDIUM
This is really frustrating - my package was left at the wrong address.,DELIVERY,HIGH
This is urgent - my refund of $12.50 still hasn't shown up after 2 days. I need a resolution today.,REFUND,HIGH
I need help - i returned my item but haven't been refunded. Please advise.,REFUND,MEDIUM
Could someone assist - i cannot log into my membership. Let me know.,ACCOUNT,MEDIUM
Quick question - the refund policy is unclear to me. Whenever convenient.,REFUND,LOW
Payment is not going through. Let me know.,PAYMENT,MEDIUM
"No rush, but i want to track my shipment. No hurry.",DELIVERY,LOW
This is urgent - i only received part of my order. This is affecting my work.,DELIVERY,HIGH
I want to track my shipment. Whenever convenient.,DELIVERY,LOW
Is there a student discount available.,OTHER,LOW
I'm having trouble - my subscription is linked to the wrong account. Let me know.,ACCOUNT,MEDIUM
This is unacceptable - i need a refund because the shipment never arrived. I want this escalated immediately.,REFUND,CRITICAL
The refund policy is unclear to me. No hurry.,REFUND,LOW
I need this fixed soon - i was billed in the wrong currency. This is affecting my work.,PAYMENT,HIGH
Please help immediately - i need a refund because the delivery never arrived.,REFUND,HIGH
I need this fixed soon - my package has been sitting at the warehouse for 10 days.,DELIVERY,HIGH
The discount code did not apply at checkout. No hurry.,PAYMENT,LOW
My subscription is linked to the wrong membership. Please advise.,ACCOUNT,MEDIUM
This is an emergency - the portal froze and I lost all my work. This is completely unacceptable and needs fixing NOW.,TECHNICAL,CRITICAL
Quick question - what are your business hours. No hurry.,OTHER,LOW
I need help - please help me recover my old login.,ACCOUNT,MEDIUM
This is unacceptable - i see an unauthorized charge of $89.00 on my account. I want this escalated immediately.,PAYMENT,CRITICAL
My subscription is linked to the wrong profile. Please advise.,ACCOUNT,MEDIUM
"Just wondering, i want to unsubscribe from marketing emails.",OTHER,LOW
Quick question - i want to update my username. Thanks.,ACCOUNT,LOW
I'm having trouble - how do I request a refund. Please advise.,REFUND,MEDIUM
This is urgent - i'm being charged a fee I don't recognize. Please fix this ASAP.,PAYMENT,HIGH
"No rush, but i need to change the delivery date for #92240. Whenever convenient.",DELIVERY,LOW
I need help - images are not loading on the platform. Can someone help?,TECHNICAL,MEDIUM
This is urgent - i have not received my refund.,REFUND,HIGH
Could someone assist - my payment failed. Please advise.,PAYMENT,MEDIUM
Could someone assist - my shipment arrived damaged. Please advise.,DELIVERY,MEDIUM
This is urgent - please refund my payment. This is affecting my work.,REFUND,HIGH
How do I delete my membership.,ACCOUNT,LOW
I need help - when will I receive my refund. Please advise.,REFUND,MEDIUM
I'm having trouble - i need to change the delivery date for #26483. Please advise.,DELIVERY,MEDIUM
I need help - there's a bug in the latest update.,TECHNICAL,MEDIUM
This is an emergency - the application keeps crashing. I demand an immediate resolution.,TECHNICAL,CRITICAL
I'm having trouble - can you refund my subscription for this month. Please advise.,REFUND,MEDIUM
Could someone assist - the website is not compatible with my laptop.,TECHNICAL,MEDIUM
My refund request was denied and I don't understand why.,REFUND,MEDIUM
I need help - the page is not loading.,TECHNICAL,MEDIUM
I want to dispute a charge and request a refund. This is affecting my work.,REFUND,HIGH
This is urgent - the application keeps crashing.,TECHNICAL,HIGH
Please help immediately - i received the wrong item in my parcel. Please fix this ASAP.,DELIVERY,HIGH
I need this fixed soon - i keep getting 500 when I try to log in.,TECHNICAL,HIGH
Quick question - how long does a refund usually take. No hurry.,REFUND,LOW
This is urgent - my order has not been delivered. I need a resolution today.,DELIVERY,HIGH
"Whenever you get a chance, i'd like to give some feedback about your service. No hurry.",OTHER,LOW
Please help immediately - the API keeps returning 500. I need a resolution today.,TECHNICAL,HIGH
My order has not been delivered.,DELIVERY,MEDIUM
I need this fixed soon - the courier never showed up. I need a resolution today.,DELIVERY,HIGH
None of the buttons on the portal are responding. Let me know.,TECHNICAL,MEDIUM
This is an emergency - refund shows processed but I don't see it in my bank. I demand an immediate resolution.,REFUND,CRITICAL
This is really frustrating - payPal payment did not go through. Please fix this ASAP.,PAYMENT,HIGH
My refund of $12.50 still hasn't shown up after a week. I need a resolution today.,REFUND,HIGH
This is urgent - my refund request was denied and I don't understand why.,REFUND,HIGH
I need help - i am getting an error on the website. Let me know.,TECHNICAL,MEDIUM
This is really frustrating - i was only refunded part of the amount. This is affecting my work.,REFUND,HIGH
I need help - i'm stuck on a loading screen. Please advise.,TECHNICAL,MEDIUM
I need this fixed soon - i was charged twice for the same order. This is affecting my work.,PAYMENT,HIGH
I need help - i can't upload files on the mobile app. Please advise.,TECHNICAL,MEDIUM
I need to update my payment method. Can someone help?,PAYMENT,MEDIUM
My payment failed. This is affecting my work.,PAYMENT,HIGH
Please help immediately - the wrong amount was charged to my card. This is affecting my work.,PAYMENT,HIGH
Quick question - i'd like to give some feedback about your service. No hurry.,OTHER,LOW
I'm having trouble - i forgot my password for my membership. Please advise.,ACCOUNT,MEDIUM
I need help - my two-factor authentication isn't working.,ACCOUNT,MEDIUM
I need help - how do I contact a human representative.,OTHER,MEDIUM
Quick question - i'd like to give some feedback about your service. Thanks.,OTHER,LOW
This is urgent - the website froze and I lost all my work. Please fix this ASAP.,TECHNICAL,HIGH
I'm having trouble - i can't upload files on the platform.,TECHNICAL,MEDIUM
Quick question - i want to switch my payment method to a different card. No hurry.,PAYMENT,LOW
I need help - i cannot log into my account. Can someone help?,ACCOUNT,MEDIUM
I need this fixed soon - i received the wrong item in my shipment. Please fix this ASAP.,DELIVERY,HIGH
Could someone assist - there's a bug in the latest update. Let me know.,TECHNICAL,MEDIUM
This is urgent - i want to file a complaint. Please fix this ASAP.,OTHER,HIGH
I need help - i'm being charged a fee I don't recognize. Can someone help?,PAYMENT,MEDIUM
Could someone assist - can I change my delivery address. Let me know.,DELIVERY,MEDIUM
I'm having trouble - i can't upload files on the portal. Please advise.,TECHNICAL,MEDIUM
"No rush, but i need information about your terms of service. Whenever convenient.",OTHER,LOW
Could someone assist - i received the wrong item in my package.,DELIVERY,MEDIUM
This needs to be resolved right now - my refund of $250 still hasn't shown up after 10 days. This is completely unacceptable and needs fixing NOW.,REFUND,CRITICAL
Could someone assist - images are not loading on the portal. Please advise.,TECHNICAL,MEDIUM
Quick question - images are not loading on the mobile app. Whenever convenient.,TECHNICAL,LOW
I am extremely upset - my delivery was left at the wrong address. I demand an immediate resolution.,DELIVERY,CRITICAL
Quick question - i need help with something.,OTHER,LOW
When will I receive my refund. Whenever convenient.,REFUND,LOW
This is unacceptable - my profile is locked. This is completely unacceptable and needs fixing NOW.,ACCOUNT,CRITICAL
I need help - i received the wrong item in my package. Can someone help?,DELIVERY,MEDIUM
I am extremely upset - i see an unauthorized charge of $199 on my account. I want this escalated immediately.,PAYMENT,CRITICAL
I was billed in the wrong currency. I need a resolution today.,PAYMENT,HIGH
"Just wondering, where is my package.",DELIVERY,LOW
I am extremely upset - refund shows processed but I don't see it in my bank. This is completely unacceptable and needs fixing NOW.,REFUND,CRITICAL
I need help - please refund my payment. Please advise.,REFUND,MEDIUM
Do you ship internationally. Thanks.,OTHER,LOW
I'm having trouble - i have an issue with my order. Let me know.,OTHER,MEDIUM
This is urgent - my payment is stuck processing for 3 days. This is affecting my work.,PAYMENT,HIGH
I need help - i'm not sure who to contact about this.,OTHER,MEDIUM
URGENT - my refund of $12.50 still hasn't shown up after 10 days. I demand an immediate resolution.,REFUND,CRITICAL
I need help - the discount code did not apply at checkout. Please advise.,PAYMENT,MEDIUM
I need this fixed soon - i need a refund because the delivery never arrived. I need a resolution today.,REFUND,HIGH
I want to switch my payment method to a different card. Thanks.,PAYMENT,LOW
Could someone assist - please refund my payment. Let me know.,REFUND,MEDIUM
This is really frustrating - someone else logged into my user account.,ACCOUNT,HIGH
"I'm having trouble - i returned the wrong item by mistake, can I still get a refund.",REFUND,MEDIUM
I keep getting error code 9001 when I try to log in. I need a resolution today.,TECHNICAL,HIGH
This is really frustrating - i cannot log into my user account. This is affecting my work.,ACCOUNT,HIGH
This is urgent - my two-factor authentication isn't working.,ACCOUNT,HIGH
Quick question - do you ship internationally.,OTHER,LOW
Quick question - how do I delete my user account. Thanks.,ACCOUNT,LOW
Quick question - i want to merge two accounts.,ACCOUNT,LOW
I need this fixed soon - i am getting an error on the website. Please fix this ASAP.,TECHNICAL,HIGH
Could someone assist - i need assistance.,OTHER,MEDIUM
I'm having trouble - i received the wrong item in my package. Let me know.,DELIVERY,MEDIUM
I received the wrong item in my package. Let me know.,DELIVERY,MEDIUM
Could someone assist - payPal payment did not go through.,PAYMENT,MEDIUM
Please help immediately - my two-factor authentication isn't working. I need a resolution today.,ACCOUNT,HIGH
"Just wondering, how can I change my account email. Whenever convenient.",ACCOUNT,LOW
Quick question - i need assistance.,OTHER,LOW
Please help immediately - my subscription renewed but I cancelled it last month. This is affecting my work.,PAYMENT,HIGH
This is urgent - i'm stuck on a loading screen. Please fix this ASAP.,TECHNICAL,HIGH
I need help - i need help with something. Can someone help?,OTHER,MEDIUM
I need this fixed soon - i was charged a restocking fee I wasn't told about. I need a resolution today.,REFUND,HIGH
This is unacceptable - i have not received my refund. I demand an immediate resolution.,REFUND,CRITICAL
"No rush, but i forgot my password for my user account. Thanks.",ACCOUNT,LOW
"Whenever you get a chance, can I change my delivery address. No hurry.",DELIVERY,LOW
I am extremely upset - refund shows processed but I don't see it in my bank. I demand an immediate resolution.,REFUND,CRITICAL
This is urgent - the transaction failed at checkout. This is affecting my work.,PAYMENT,HIGH
URGENT - refund shows processed but I don't see it in my bank. I demand an immediate resolution.,REFUND,CRITICAL
I need this fixed soon - i was charged twice for the same order.,PAYMENT,HIGH
"No rush, but i forgot my password for my dashboard. Whenever convenient.",ACCOUNT,LOW
I'm having trouble - my order has been sitting at the warehouse for two weeks. Can someone help?,DELIVERY,MEDIUM
"No rush, but i need to change the delivery date for #44718.",DELIVERY,LOW
Could someone assist - the order has not arrived yet. Please advise.,DELIVERY,MEDIUM
This is really frustrating - i received the wrong item in my parcel.,DELIVERY,HIGH
I want to merge two accounts. Whenever convenient.,ACCOUNT,LOW
This is urgent - i was charged a restocking fee I wasn't told about. I need a resolution today.,REFUND,HIGH
Please help immediately - none of the buttons on the system are responding. I need a resolution today.,TECHNICAL,HIGH
I'm having trouble - the app is very slow. Let me know.,TECHNICAL,MEDIUM
This is really frustrating - i keep getting logged out of my login. This is affecting my work.,ACCOUNT,HIGH
This is unacceptable - my data disappeared after the update.,TECHNICAL,CRITICAL
Please refund my payment. Please fix this ASAP.,REFUND,HIGH
Please help immediately - i was charged a restocking fee I wasn't told about.,REFUND,HIGH
I'm having trouble - i'm being charged a fee I don't recognize. Please advise.,PAYMENT,MEDIUM
"No rush, but i have a general question.",OTHER,LOW
"Could someone assist - i returned the wrong item by mistake, can I still get a refund. Please advise.",REFUND,MEDIUM
I need this fixed soon - i received the wrong item in my order. This is affecting my work.,DELIVERY,HIGH
"Whenever you get a chance, how can I change my account email. Whenever convenient.",ACCOUNT,LOW
I can't update my billing address on my profile.,ACCOUNT,MEDIUM
I need this fixed soon - i want to dispute a charge and request a refund. This is affecting my work.,REFUND,HIGH
Do you ship internationally.,OTHER,LOW
This needs to be resolved right now - my data disappeared after the update.,TECHNICAL,CRITICAL
I am extremely upset - my refund was sent to the wrong card. I want this escalated immediately.,REFUND,CRITICAL
I'm having trouble - the order has not arrived yet. Can someone help?,DELIVERY,MEDIUM
I am extremely upset - the app crashes every time I open it on my Chrome browser. This is completely unacceptable and needs fixing NOW.,TECHNICAL,CRITICAL
I need help - how do I request a refund. Let me know.,REFUND,MEDIUM
URGENT - my subscription renewed but I cancelled it last month. I want this escalated immediately.,PAYMENT,CRITICAL
"Whenever you get a chance, when will I receive my refund. No hurry.",REFUND,LOW
This is really frustrating - my package is stuck in customs.,DELIVERY,HIGH
Could someone assist - my order arrived damaged.,DELIVERY,MEDIUM
Quick question - i forgot my password for my login.,ACCOUNT,LOW
I cannot log into my account. Please fix this ASAP.,ACCOUNT,HIGH
Could someone assist - how do I contact a human representative.,OTHER,MEDIUM
This is urgent - i want to file a complaint. This is affecting my work.,OTHER,HIGH
"No rush, but i want to merge two accounts. Whenever convenient.",ACCOUNT,LOW
I can't upload files on the system. Please advise.,TECHNICAL,MEDIUM
URGENT - i need a refund because the order never arrived. I want this escalated immediately.,REFUND,CRITICAL
"Whenever you get a chance, the app is very slow. Thanks.",TECHNICAL,LOW
"Just wondering, the refund policy is unclear to me. Thanks.",REFUND,LOW
I need this fixed soon - payment is not going through. This is affecting my work.,PAYMENT,HIGH
My delivery is delayed. Please advise.,DELIVERY,MEDIUM
Could someone assist - i need to reset my password.,ACCOUNT,MEDIUM
I need this fixed soon - i cannot log into my user account. I need a resolution today.,ACCOUNT,HIGH
I can't upload files on the platform. Let me know.,TECHNICAL,MEDIUM
"No rush, but images are not loading on the website. Thanks.",TECHNICAL,LOW
This is unacceptable - the website is completely down.,TECHNICAL,CRITICAL
The refund policy is unclear to me. Whenever convenient.,REFUND,LOW
My data disappeared after the update. This is affecting my work.,TECHNICAL,HIGH
Quick question - can you help me.,OTHER,LOW
I need assistance. No hurry.,OTHER,LOW
I'm having trouble - my invoice shows an incorrect total. Let me know.,PAYMENT,MEDIUM
Please help immediately - i was charged $15.75 but my order was cancelled.,PAYMENT,HIGH
I need to reset my password. Please advise.,ACCOUNT,MEDIUM
Please refund my payment. This is affecting my work.,REFUND,HIGH
"Just wondering, where is my package. Thanks.",DELIVERY,LOW
My subscription is linked to the wrong login.,ACCOUNT,MEDIUM
Could someone assist - i can't verify my email address.,ACCOUNT,MEDIUM
I need this fixed soon - my delivery is delayed. I need a resolution today.,DELIVERY,HIGH
I'm having trouble - i want to cancel my order and get a refund. Let me know.,REFUND,MEDIUM
Please help immediately - i need a refund because the shipment never arrived. This is affecting my work.,REFUND,HIGH
Quick question - is there a student discount available. Whenever convenient.,OTHER,LOW
"Whenever you get a chance, i forgot my password for my dashboard. Whenever convenient.",ACCOUNT,LOW
URGENT - the website is completely down. This is completely unacceptable and needs fixing NOW.,TECHNICAL,CRITICAL
I need this fixed soon - i keep getting 500 when I try to log in. Please fix this ASAP.,TECHNICAL,HIGH
Please help me recover my old user account. This is affecting my work.,ACCOUNT,HIGH
I'm having trouble - i want a refund for my order. Please advise.,REFUND,MEDIUM
I need help - none of the buttons on the portal are responding.,TECHNICAL,MEDIUM
This is urgent - my data disappeared after the update.,TECHNICAL,HIGH
Quick question - i want to unsubscribe from marketing emails. Thanks.,OTHER,LOW
This is unacceptable - my account was suspended without warning.,ACCOUNT,CRITICAL
I have not received my refund. I need a resolution today.,REFUND,HIGH
"No rush, but i want to merge two accounts. Thanks.",ACCOUNT,LOW
PayPal payment did not go through. Can someone help?,PAYMENT,MEDIUM
"Whenever you get a chance, how do I delete my login. Whenever convenient.",ACCOUNT,LOW
Please help immediately - i need a refund because the package never arrived. Please fix this ASAP.,REFUND,HIGH
Could someone assist - my payment is stuck processing for 5 days. Can someone help?,PAYMENT,MEDIUM
I need this fixed soon - my two-factor authentication isn't working. This is affecting my work.,ACCOUNT,HIGH
This is urgent - the mobile app froze and I lost all my work. I need a resolution today.,TECHNICAL,HIGH
"Just wondering, i'd like to give some feedback about your service. No hurry.",OTHER,LOW
I am extremely upset - my refund was sent to the wrong card. I demand an immediate resolution.,REFUND,CRITICAL
This is urgent - i want to dispute a charge and request a refund. Please fix this ASAP.,REFUND,HIGH
URGENT - the website froze and I lost all my work.,TECHNICAL,CRITICAL
I need help - i returned my item but haven't been refunded. Let me know.,REFUND,MEDIUM
This is urgent - can I speak to a manager. I need a resolution today.,OTHER,HIGH
I need this fixed soon - my parcel #83563 shows delivered but I never received it.,DELIVERY,HIGH
I can't update my billing address on my login.,ACCOUNT,MEDIUM
This needs to be resolved right now - the mobile app froze and I lost all my work. This is completely unacceptable and needs fixing NOW.,TECHNICAL,CRITICAL
This is really frustrating - i want to dispute a charge and request a refund. I need a resolution today.,REFUND,HIGH
"Just wondering, how long does a refund usually take. No hurry.",REFUND,LOW
"Just wondering, i have a suggestion for a new feature.",OTHER,LOW
My membership shows the wrong information. No hurry.,ACCOUNT,LOW
I need help - i can't upload files on the app. Please advise.,TECHNICAL,MEDIUM
I am extremely upset - i keep getting timeout error when I try to log in. I want this escalated immediately.,TECHNICAL,CRITICAL
Could someone assist - i need to reset my password. Let me know.,ACCOUNT,MEDIUM
The checkout page keeps rejecting my card. Let me know.,PAYMENT,MEDIUM
This is urgent - i want to cancel my order and get a refund. This is affecting my work.,REFUND,HIGH
I'm having trouble - i can't update my billing address on my membership. Please advise.,ACCOUNT,MEDIUM
I need help - i received the wrong item in my parcel. Let me know.,DELIVERY,MEDIUM
The discount code did not apply at checkout. Thanks.,PAYMENT,LOW
I cannot log into my membership. This is affecting my work.,ACCOUNT,HIGH
Could someone assist - i have an issue with my order. Let me know.,OTHER,MEDIUM
I need this fixed soon - i keep getting logged out of my dashboard.,ACCOUNT,HIGH
PayPal payment did not go through.,PAYMENT,MEDIUM
"I returned the wrong item by mistake, can I still get a refund. Can someone help?",REFUND,MEDIUM
Could someone assist - the search feature is broken. Please advise.,TECHNICAL,MEDIUM
"Just wondering, the app is very slow. Thanks.",TECHNICAL,LOW
I'm having trouble - the tracking hasn't updated in two weeks.,DELIVERY,MEDIUM
This is urgent - the API keeps returning 404. Please fix this ASAP.,TECHNICAL,HIGH
My saved card is not showing up anymore. Let me know.,PAYMENT,MEDIUM
I'm having trouble - my invoice shows an incorrect total. Can someone help?,PAYMENT,MEDIUM
This is urgent - my subscription renewed but I cancelled it last month. Please fix this ASAP.,PAYMENT,HIGH
Please help immediately - i was billed in the wrong currency. I need a resolution today.,PAYMENT,HIGH
My account shows the wrong information. Whenever convenient.,ACCOUNT,LOW
This is really frustrating - the courier never showed up. Please fix this ASAP.,DELIVERY,HIGH
Could someone assist - my delivery has been sitting at the warehouse for a week.,DELIVERY,MEDIUM
I am extremely upset - someone else logged into my dashboard. I demand an immediate resolution.,ACCOUNT,CRITICAL
"No rush, but i have a question about your privacy policy. Whenever convenient.",OTHER,LOW
I'm having trouble - i returned my item but haven't been refunded. Let me know.,REFUND,MEDIUM
This is really frustrating - i am getting an error on the website. This is affecting my work.,TECHNICAL,HIGH
"Whenever you get a chance, i need information about your terms of service. Thanks.",OTHER,LOW
Could someone assist - the delivery driver couldn't find my address. Can someone help?,DELIVERY,MEDIUM
This is really frustrating - i was charged a restocking fee I wasn't told about. I need a resolution today.,REFUND,HIGH
Someone else logged into my membership. Please fix this ASAP.,ACCOUNT,HIGH
I was charged $5.99 but my order was cancelled. Please fix this ASAP.,PAYMENT,HIGH
"Whenever you get a chance, this is regarding a partnership inquiry. Thanks.",OTHER,LOW
Could someone assist - i need assistance. Please advise.,OTHER,MEDIUM
"No rush, but the app is very slow. No hurry.",TECHNICAL,LOW
Please help immediately - i was only refunded part of the amount. This is affecting my work.,REFUND,HIGH
The app is very slow. Whenever convenient.,TECHNICAL,LOW
I need help - i never received the verification code. Please advise.,ACCOUNT,MEDIUM
Please help immediately - the tracking hasn't updated in 10 days. This is affecting my work.,DELIVERY,HIGH
URGENT - my dashboard is locked. I want this escalated immediately.,ACCOUNT,CRITICAL
I am extremely upset - i want to dispute a charge and request a refund. I demand an immediate resolution.,REFUND,CRITICAL
"Whenever you get a chance, i want to update my username. Whenever convenient.",ACCOUNT,LOW
"No rush, but can I get a copy of my receipt. No hurry.",PAYMENT,LOW
I'm having trouble - the app is very slow.,TECHNICAL,MEDIUM
Please help immediately - my payment is stuck processing for a week.,PAYMENT,HIGH
PayPal payment did not go through. This is affecting my work.,PAYMENT,HIGH
I need this fixed soon - the portal froze and I lost all my work. This is affecting my work.,TECHNICAL,HIGH
"No rush, but how do I delete my account. Whenever convenient.",ACCOUNT,LOW
"No rush, but i'd like to give some feedback about your service. Whenever convenient.",OTHER,LOW
I'm having trouble - i'm stuck on a loading screen. Please advise.,TECHNICAL,MEDIUM
I cannot access my account. Can someone help?,ACCOUNT,MEDIUM
Quick question - i forgot my password for my user account. Whenever convenient.,ACCOUNT,LOW
I need this fixed soon - i received the wrong item in my parcel. This is affecting my work.,DELIVERY,HIGH
"Whenever you get a chance, this is regarding a partnership inquiry. No hurry.",OTHER,LOW
"Just wondering, i need help with something. No hurry.",OTHER,LOW
I'm having trouble - the website is not compatible with my Safari browser. Let me know.,TECHNICAL,MEDIUM
This is urgent - my user account is locked.,ACCOUNT,HIGH
I need help - i can't update my billing address on my user account.,ACCOUNT,MEDIUM
Do you have a loyalty program. Whenever convenient.,OTHER,LOW
Quick question - how do I contact a human representative.,OTHER,LOW
When will I receive my refund. Let me know.,REFUND,MEDIUM
I'm having trouble - can I get a refund instead of store credit. Can someone help?,REFUND,MEDIUM
"Just wondering, how do I contact a human representative. Thanks.",OTHER,LOW
I need help - my order has not been delivered.,DELIVERY,MEDIUM
I need help - i can't update my billing address on my user account. Please advise.,ACCOUNT,MEDIUM
Please refund my payment. Can someone help?,REFUND,MEDIUM
Please help immediately - the transaction failed at checkout. I need a resolution today.,PAYMENT,HIGH
Please help immediately - i can't upload files on the mobile app. I need a resolution today.,TECHNICAL,HIGH
Please refund my payment.,REFUND,HIGH
I need this fixed soon - payment is not going through.,PAYMENT,HIGH
This needs to be resolved right now - i see an unauthorized charge of $15.75 on my account. I want this escalated immediately.,PAYMENT,CRITICAL
Could someone assist - the mobile app is not compatible with my iPhone.,TECHNICAL,MEDIUM
This is an emergency - my refund of $5.99 still hasn't shown up after 3 days.,REFUND,CRITICAL
This is really frustrating - i was charged a restocking fee I wasn't told about. Please fix this ASAP.,REFUND,HIGH
This is urgent - refund shows processed but I don't see it in my bank. Please fix this ASAP.,REFUND,HIGH
I need this fixed soon - the package is missing items.,DELIVERY,HIGH
Could someone assist - my saved card is not showing up anymore. Please advise.,PAYMENT,MEDIUM
I need help - i received the wrong item in my delivery. Please advise.,DELIVERY,MEDIUM
Could someone assist - when will I receive my refund. Let me know.,REFUND,MEDIUM
I'm having trouble - the discount code did not apply at checkout. Please advise.,PAYMENT,MEDIUM
I need help - my payment failed.,PAYMENT,MEDIUM
"Could someone assist - i returned the wrong item by mistake, can I still get a refund.",REFUND,MEDIUM
This is really frustrating - please refund my payment.,REFUND,HIGH
This is unacceptable - i keep getting null pointer exception when I try to log in. I demand an immediate resolution.,TECHNICAL,CRITICAL
Please help immediately - i need a refund because the shipment never arrived. Please fix this ASAP.,REFUND,HIGH
I need help - my package arrived damaged. Can someone help?,DELIVERY,MEDIUM
I'm having trouble - the package is missing items.,DELIVERY,MEDIUM
I am extremely upset - my profile is locked. I demand an immediate resolution.,ACCOUNT,CRITICAL
This is unacceptable - i see an unauthorized charge of $12.50 on my account. This is completely unacceptable and needs fixing NOW.,PAYMENT,CRITICAL
Quick question - do you have a loyalty program.,OTHER,LOW
This is really frustrating - i'm being charged a fee I don't recognize. Please fix this ASAP.,PAYMENT,HIGH
"I returned the wrong item by mistake, can I still get a refund. Please advise.",REFUND,MEDIUM
Quick question - what are your business hours. Whenever convenient.,OTHER,LOW
This is urgent - my login is locked. This is affecting my work.,ACCOUNT,HIGH
I want a refund for my order. I need a resolution today.,REFUND,HIGH
I'm having trouble - i only received part of my package. Can someone help?,DELIVERY,MEDIUM
"Just wondering, do you offer gift cards.",OTHER,LOW
This is urgent - please help me recover my old login. This is affecting my work.,ACCOUNT,HIGH
This is really frustrating - i only received part of my package. This is affecting my work.,DELIVERY,HIGH
This is urgent - my card was declined. Please fix this ASAP.,PAYMENT,HIGH
URGENT - the website is completely down. I demand an immediate resolution.,TECHNICAL,CRITICAL
This is regarding a partnership inquiry. No hurry.,OTHER,LOW
This is an emergency - the website froze and I lost all my work. I demand an immediate resolution.,TECHNICAL,CRITICAL
This is unacceptable - i was charged twice for the same order. I demand an immediate resolution.,PAYMENT,CRITICAL
This is really frustrating - my payment failed. I need a resolution today.,PAYMENT,HIGH
Quick question - i have a question about your privacy policy. Whenever convenient.,OTHER,LOW
URGENT - i think my account was hacked. I demand an immediate resolution.,ACCOUNT,CRITICAL
Could someone assist - the package is missing items.,DELIVERY,MEDIUM
This is urgent - refund shows processed but I don't see it in my bank.,REFUND,HIGH
This is urgent - i have not received my refund. I need a resolution today.,REFUND,HIGH
The application keeps crashing. This is affecting my work.,TECHNICAL,HIGH
"Just wondering, is there a student discount available. Whenever convenient.",OTHER,LOW
"This is unacceptable - i see an unauthorized charge of $1,200 on my account.",PAYMENT,CRITICAL
The API keeps returning null pointer exception. Please fix this ASAP.,TECHNICAL,HIGH
I need this fixed soon - i received the wrong item in my order. Please fix this ASAP.,DELIVERY,HIGH
This is really frustrating - my delivery is delayed. Please fix this ASAP.,DELIVERY,HIGH
This is unacceptable - the API keeps returning 502. I want this escalated immediately.,TECHNICAL,CRITICAL
Could someone assist - images are not loading on the mobile app. Let me know.,TECHNICAL,MEDIUM
I'm having trouble - i was billed in the wrong currency.,PAYMENT,MEDIUM
I need help - the discount code did not apply at checkout.,PAYMENT,MEDIUM
This is urgent - my parcel arrived damaged. This is affecting my work.,DELIVERY,HIGH
I need this fixed soon - my package #28726 shows delivered but I never received it.,DELIVERY,HIGH
URGENT - i was charged $5.99 but my order was cancelled. I demand an immediate resolution.,PAYMENT,CRITICAL
I need this fixed soon - please help me recover my old dashboard.,ACCOUNT,HIGH
I'm having trouble - none of the buttons on the mobile app are responding. Let me know.,TECHNICAL,MEDIUM
I'm not sure who to contact about this. Thanks.,OTHER,LOW
I'd like to give some feedback about your service. No hurry.,OTHER,LOW
This is urgent - please help me recover my old account.,ACCOUNT,HIGH
I'm not sure who to contact about this.,OTHER,MEDIUM
I need this fixed soon - i cannot log into my profile. This is affecting my work.,ACCOUNT,HIGH
I'm having trouble - images are not loading on the website. Can someone help?,TECHNICAL,MEDIUM
Could someone assist - the page is not loading.,TECHNICAL,MEDIUM
"Just wondering, i need assistance. No hurry.",OTHER,LOW
"No rush, but i forgot my password for my membership. Thanks.",ACCOUNT,LOW
"Just wondering, how do I contact a human representative. Whenever convenient.",OTHER,LOW
Could someone assist - how do I contact a human representative. Can someone help?,OTHER,MEDIUM
The notifications are not working. Can someone help?,TECHNICAL,MEDIUM
This is an emergency - someone else logged into my user account. I want this escalated immediately.,ACCOUNT,CRITICAL
This needs to be resolved right now - i see an unauthorized charge of $49.99 on my account. I want this escalated immediately.,PAYMENT,CRITICAL
Please help immediately - i want to dispute a charge and request a refund. I need a resolution today.,REFUND,HIGH
"Just wondering, i need to change the delivery date for #79163.",DELIVERY,LOW
This is really frustrating - i was charged $49.99 but my order was cancelled.,PAYMENT,HIGH
"No rush, but i need assistance. No hurry.",OTHER,LOW
I want to file a complaint. Please advise.,OTHER,MEDIUM
The transaction failed at checkout. Can someone help?,PAYMENT,MEDIUM
Could someone assist - i can't update my billing address on my account. Can someone help?,ACCOUNT,MEDIUM
This is really frustrating - my delivery is delayed. I need a resolution today.,DELIVERY,HIGH
"Just wondering, how do I request a refund. Whenever convenient.",REFUND,LOW
I'm being charged a fee I don't recognize. I need a resolution today.,PAYMENT,HIGH
Quick question - i forgot my password for my account. No hurry.,ACCOUNT,LOW
Could someone assist - my package has been sitting at the warehouse for 5 days. Can someone help?,DELIVERY,MEDIUM
I'm having trouble - the courier never showed up.,DELIVERY,MEDIUM
Could someone assist - i keep getting logged out of my profile.,ACCOUNT,MEDIUM
This is really frustrating - can I speak to a manager. This is affecting my work.,OTHER,HIGH
I need help - my order has been sitting at the warehouse for 5 days. Let me know.,DELIVERY,MEDIUM
This is an emergency - i keep getting 404 when I try to log in.,TECHNICAL,CRITICAL
I'd like to give some feedback about your service.,OTHER,LOW
My saved card is not showing up anymore.,PAYMENT,MEDIUM
Can you refund my subscription for this month. Whenever convenient.,REFUND,LOW
This is urgent - my subscription renewed but I cancelled it last month. This is affecting my work.,PAYMENT,HIGH
I want to file a complaint. This is affecting my work.,OTHER,HIGH
This is urgent - i was charged twice for the same order. Please fix this ASAP.,PAYMENT,HIGH
The package is missing items. Please fix this ASAP.,DELIVERY,HIGH
My order is stuck in customs.,DELIVERY,MEDIUM
I need to change the delivery date for #17331. Whenever convenient.,DELIVERY,LOW
I keep getting logged out of my login. Can someone help?,ACCOUNT,MEDIUM
I'm not sure who to contact about this. No hurry.,OTHER,LOW
I need help - i keep getting logged out of my account. Please advise.,ACCOUNT,MEDIUM
This is regarding a partnership inquiry. Whenever convenient.,OTHER,LOW
I need help - i can't update my billing address on my dashboard. Let me know.,ACCOUNT,MEDIUM
Please help immediately - the tracking hasn't updated in 2 days. This is affecting my work.,DELIVERY,HIGH
This is urgent - i cannot access my user account.,ACCOUNT,HIGH
This is really frustrating - i want to dispute a charge and request a refund. Please fix this ASAP.,REFUND,HIGH
This is urgent - i only received part of my delivery. This is affecting my work.,DELIVERY,HIGH
I need help - none of the buttons on the platform are responding.,TECHNICAL,MEDIUM
"Please help immediately - i was charged $1,200 but my order was cancelled. This is affecting my work.",PAYMENT,HIGH
This is really frustrating - the wrong amount was charged to my card. This is affecting my work.,PAYMENT,HIGH
This is really frustrating - i keep getting logged out of my account. Please fix this ASAP.,ACCOUNT,HIGH
I need help - i'm being charged a fee I don't recognize.,PAYMENT,MEDIUM
My invoice shows an incorrect total. Can someone help?,PAYMENT,MEDIUM
Please help immediately - please refund my payment.,REFUND,HIGH
This is really frustrating - the app crashes every time I open it on my Chrome browser.,TECHNICAL,HIGH
Do you offer gift cards.,OTHER,LOW
Could someone assist - when will I receive my refund. Can someone help?,REFUND,MEDIUM
The transaction failed at checkout. Let me know.,PAYMENT,MEDIUM
"Whenever you get a chance, i'm not sure who to contact about this. No hurry.",OTHER,LOW
I want to file a complaint. Please fix this ASAP.,OTHER,HIGH
Quick question - i have a general question. No hurry.,OTHER,LOW
I need this fixed soon - the portal froze and I lost all my work.,TECHNICAL,HIGH
This is an emergency - my refund of $430 still hasn't shown up after 3 days. This is completely unacceptable and needs fixing NOW.,REFUND,CRITICAL
I need this fixed soon - i keep getting 500 when I try to log in. I need a resolution today.,TECHNICAL,HIGH
How do I contact a human representative.,OTHER,MEDIUM
This is really frustrating - my refund request was denied and I don't understand why. I need a resolution today.,REFUND,HIGH
This needs to be resolved right now - someone else logged into my user account. I demand an immediate resolution.,ACCOUNT,CRITICAL
I need help - the app logged me out randomly. Can someone help?,TECHNICAL,MEDIUM
I have an issue with my order. Please advise.,OTHER,MEDIUM
The notifications are not working. Please advise.,TECHNICAL,MEDIUM
"Whenever you get a chance, i need assistance. Whenever convenient.",OTHER,LOW
"Whenever you get a chance, i want to unsubscribe from marketing emails. Whenever convenient.",OTHER,LOW
I'm having trouble - can I change my delivery address.,DELIVERY,MEDIUM
"Whenever you get a chance, i need to change the delivery date for #46463. Whenever convenient.",DELIVERY,LOW
"No rush, but i'm not sure who to contact about this. Thanks.",OTHER,LOW
"No rush, but what are your business hours. Thanks.",OTHER,LOW
I cannot access my account. This is affecting my work.,ACCOUNT,HIGH
This is unacceptable - i need a refund because the delivery never arrived. I want this escalated immediately.,REFUND,CRITICAL
I need to change the delivery date for #21226. Whenever convenient.,DELIVERY,LOW
My shipment is stuck in customs. Please fix this ASAP.,DELIVERY,HIGH
"No rush, but when will I receive my refund. Whenever convenient.",REFUND,LOW
This needs to be resolved right now - the website is completely down. I want this escalated immediately.,TECHNICAL,CRITICAL
I need help - i want to cancel my order and get a refund. Let me know.,REFUND,MEDIUM
"Whenever you get a chance, i have a question about your privacy policy. Whenever convenient.",OTHER,LOW
Could someone assist - i need help with something. Can someone help?,OTHER,MEDIUM
"Just wondering, the discount code did not apply at checkout. Whenever convenient.",PAYMENT,LOW
I need help - the courier never showed up. Let me know.,DELIVERY,MEDIUM
I can't update my billing address on my membership. Please advise.,ACCOUNT,MEDIUM
I need help - my payment is stuck processing for 3 days. Let me know.,PAYMENT,MEDIUM
I need help - my payment is stuck processing for two weeks. Can someone help?,PAYMENT,MEDIUM
I need this fixed soon - my order has not been delivered. Please fix this ASAP.,DELIVERY,HIGH
"Just wondering, my account shows the wrong information.",ACCOUNT,LOW
PayPal payment did not go through. Please fix this ASAP.,PAYMENT,HIGH
I need to update my payment method. Please advise.,PAYMENT,MEDIUM
I want to file a complaint.,OTHER,HIGH
I'm having trouble - please refund my payment. Can someone help?,REFUND,MEDIUM
Quick question - can I get a copy of my receipt. Whenever convenient.,PAYMENT,LOW
I'm having trouble - my dashboard shows the wrong information. Can someone help?,ACCOUNT,MEDIUM
This needs to be resolved right now - the API keeps returning 404.,TECHNICAL,CRITICAL
I received the wrong item in my delivery. Please fix this ASAP.,DELIVERY,HIGH
Please help immediately - i only received part of my package. Please fix this ASAP.,DELIVERY,HIGH
I want to unsubscribe from marketing emails. No hurry.,OTHER,LOW
This is really frustrating - payPal payment did not go through.,PAYMENT,HIGH
I'm having trouble - payment is not going through. Let me know.,PAYMENT,MEDIUM
"Whenever you get a chance, there's a bug in the latest update. No hurry.",TECHNICAL,LOW
I need this fixed soon - i need a refund because the package never arrived. This is affecting my work.,REFUND,HIGH
This needs to be resolved right now - my user account was suspended without warning.,ACCOUNT,CRITICAL
"Whenever you get a chance, is there a student discount available. Thanks.",OTHER,LOW
This is urgent - my order was left at the wrong address. I need a resolution today.,DELIVERY,HIGH
This is really frustrating - i want to cancel my order and get a refund. I need a resolution today.,REFUND,HIGH
Could someone assist - my payment is stuck processing for two weeks.,PAYMENT,MEDIUM
When will I receive my refund. Can someone help?,REFUND,MEDIUM
My shipment is stuck in customs.,DELIVERY,MEDIUM
"Whenever you get a chance, i want to update my username. No hurry.",ACCOUNT,LOW
Could someone assist - i was billed in the wrong currency. Please advise.,PAYMENT,MEDIUM
I want to merge two accounts. Thanks.,ACCOUNT,LOW
Can I change my delivery address. Can someone help?,DELIVERY,MEDIUM
Quick question - i need assistance. Whenever convenient.,OTHER,LOW
Could someone assist - the notifications are not working. Please advise.,TECHNICAL,MEDIUM
Could someone assist - the courier never showed up. Can someone help?,DELIVERY,MEDIUM
URGENT - someone else logged into my login. I demand an immediate resolution.,ACCOUNT,CRITICAL
I can't upload files on the platform.,TECHNICAL,HIGH
The tracking hasn't updated in a week.,DELIVERY,HIGH
I need help - i forgot my password for my login. Please advise.,ACCOUNT,MEDIUM
"Just wondering, do you offer gift cards. Whenever convenient.",OTHER,LOW
I'm having trouble - payment is not going through. Please advise.,PAYMENT,MEDIUM
"This needs to be resolved right now - i see an unauthorized charge of $1,200 on my account. I demand an immediate resolution.",PAYMENT,CRITICAL
Could someone assist - the mobile app logged me out randomly.,TECHNICAL,MEDIUM
I need help - the order has not arrived yet. Please advise.,DELIVERY,MEDIUM
I'm having trouble - the tracking hasn't updated in 2 days.,DELIVERY,MEDIUM
I need help - i cannot access my user account.,ACCOUNT,MEDIUM
This needs to be resolved right now - the app crashes every time I open it on my Android phone.,TECHNICAL,CRITICAL
This is urgent - i was charged twice for the same order.,PAYMENT,HIGH
I'm having trouble - my two-factor authentication isn't working. Please advise.,ACCOUNT,MEDIUM
The refund policy is unclear to me. Thanks.,REFUND,LOW
I need help - my parcel arrived damaged. Can someone help?,DELIVERY,MEDIUM
"Whenever you get a chance, when will I receive my refund. Thanks.",REFUND,LOW
This is urgent - can I speak to a manager.,OTHER,HIGH
This is really frustrating - my payment failed. Please fix this ASAP.,PAYMENT,HIGH
This is really frustrating - my subscription renewed but I cancelled it last month. This is affecting my work.,PAYMENT,HIGH
This is really frustrating - my dashboard is locked. Please fix this ASAP.,ACCOUNT,HIGH
I am extremely upset - the application keeps crashing. I demand an immediate resolution.,TECHNICAL,CRITICAL
This is really frustrating - my refund request was denied and I don't understand why. This is affecting my work.,REFUND,HIGH
"Just wondering, i'm not sure who to contact about this. No hurry.",OTHER,LOW
I'm having trouble - my payment is stuck processing for several days.,PAYMENT,MEDIUM
"Whenever you get a chance, i have a question about your privacy policy. Thanks.",OTHER,LOW
This is an emergency - the portal froze and I lost all my work. I demand an immediate resolution.,TECHNICAL,CRITICAL
I need help - my subscription is linked to the wrong login. Can someone help?,ACCOUNT,MEDIUM
I need help - none of the buttons on the system are responding. Please advise.,TECHNICAL,MEDIUM
Quick question - is there a student discount available. Thanks.,OTHER,LOW
I need this fixed soon - please help me recover my old login. I need a resolution today.,ACCOUNT,HIGH
"No rush, but the notifications are not working.",TECHNICAL,LOW
This needs to be resolved right now - my order #50306 shows delivered but I never received it. This is completely unacceptable and needs fixing NOW.,DELIVERY,CRITICAL
I need help - the portal is not compatible with my desktop. Please advise.,TECHNICAL,MEDIUM
I'm having trouble - the checkout page keeps rejecting my card. Can someone help?,PAYMENT,MEDIUM
"Just wondering, can you help me. Whenever convenient.",OTHER,LOW
I need this fixed soon - my order has not been delivered. I need a resolution today.,DELIVERY,HIGH
I'm having trouble - i have an issue with my order. Please advise.,OTHER,MEDIUM
I'm having trouble - the delivery driver couldn't find my address. Please advise.,DELIVERY,MEDIUM
How do I request a refund. Whenever convenient.,REFUND,LOW
I have a general question.,OTHER,LOW
I need help - my delivery is delayed.,DELIVERY,MEDIUM
I can't update my billing address on my user account.,ACCOUNT,MEDIUM
URGENT - i have not received my refund. I want this escalated immediately.,REFUND,CRITICAL
Please help immediately - my card was declined. I need a resolution today.,PAYMENT,HIGH
Can I get a copy of my receipt.,PAYMENT,LOW
This needs to be resolved right now - my refund of $250 still hasn't shown up after 3 days.,REFUND,CRITICAL
This is urgent - my shipment is stuck in customs.,DELIVERY,HIGH
This needs to be resolved right now - i want to dispute a charge and request a refund. I want this escalated immediately.,REFUND,CRITICAL
This needs to be resolved right now - i see an unauthorized charge of $5.99 on my account. I demand an immediate resolution.,PAYMENT,CRITICAL
Please help immediately - payment is not going through. I need a resolution today.,PAYMENT,HIGH
"Just wondering, can you refund my subscription for this month.",REFUND,LOW
My saved card is not showing up anymore. Please advise.,PAYMENT,MEDIUM
This is unacceptable - the API keeps returning 500.,TECHNICAL,CRITICAL
Could someone assist - i cannot log into my profile.,ACCOUNT,MEDIUM
This is urgent - i was charged a restocking fee I wasn't told about. This is affecting my work.,REFUND,HIGH
My delivery is delayed. Can someone help?,DELIVERY,MEDIUM
Please help immediately - the page is not loading.,TECHNICAL,HIGH
I am extremely upset - the application keeps crashing. I want this escalated immediately.,TECHNICAL,CRITICAL
My parcel has been sitting at the warehouse for 3 days.,DELIVERY,MEDIUM
Could someone assist - my saved card is not showing up anymore. Let me know.,PAYMENT,MEDIUM
I need help - i need assistance. Let me know.,OTHER,MEDIUM
Could someone assist - my delivery is delayed. Can someone help?,DELIVERY,MEDIUM
"Just wondering, i have a general question. Thanks.",OTHER,LOW
I need help - i want to cancel my order and get a refund.,REFUND,MEDIUM
I'm being charged a fee I don't recognize. Please advise.,PAYMENT,MEDIUM
"No rush, but i want to unsubscribe from marketing emails. No hurry.",OTHER,LOW
Please help immediately - my package arrived damaged. This is affecting my work.,DELIVERY,HIGH
Can I get a copy of my receipt. Whenever convenient.,PAYMENT,LOW
"No rush, but can I change my delivery address. Thanks.",DELIVERY,LOW
I was charged $250 but my order was cancelled. This is affecting my work.,PAYMENT,HIGH
My order has not been delivered. Please fix this ASAP.,DELIVERY,HIGH
"Whenever you get a chance, i need assistance. Thanks.",OTHER,LOW
I need this fixed soon - my profile was suspended without warning. I need a resolution today.,ACCOUNT,HIGH
This is unacceptable - someone else logged into my user account. I want this escalated immediately.,ACCOUNT,CRITICAL
Please help immediately - my order #13278 shows delivered but I never received it. This is affecting my work.,DELIVERY,HIGH
This needs to be resolved right now - i keep getting null pointer exception when I try to log in.,TECHNICAL,CRITICAL
Quick question - i want to switch my payment method to a different card. Whenever convenient.,PAYMENT,LOW
"No rush, but the refund policy is unclear to me. No hurry.",REFUND,LOW
I'm having trouble - i want a refund for my order.,REFUND,MEDIUM
I need help with something. Can someone help?,OTHER,MEDIUM
Please help immediately - my delivery is delayed. Please fix this ASAP.,DELIVERY,HIGH
I'm having trouble - i have an issue with my order.,OTHER,MEDIUM
This is urgent - i cannot access my profile. This is affecting my work.,ACCOUNT,HIGH
Please help immediately - i cannot log into my dashboard. I need a resolution today.,ACCOUNT,HIGH
How do I request a refund. Please advise.,REFUND,MEDIUM
This is really frustrating - i'm stuck on a loading screen. I need a resolution today.,TECHNICAL,HIGH
This needs to be resolved right now - i see an unauthorized charge of $89.00 on my account. This is completely unacceptable and needs fixing NOW.,PAYMENT,CRITICAL
Could someone assist - i need assistance. Let me know.,OTHER,MEDIUM
Please help immediately - my payment is stuck processing for 2 days.,PAYMENT,HIGH
I need help - can I get a refund instead of store credit. Let me know.,REFUND,MEDIUM
This is really frustrating - i'm seeing a blank screen instead of the dashboard.,TECHNICAL,HIGH
I'm having trouble - i was charged a restocking fee I wasn't told about. Please advise.,REFUND,MEDIUM
Please help immediately - payment is not going through. Please fix this ASAP.,PAYMENT,HIGH
The app froze and I lost all my work.,TECHNICAL,HIGH
Quick question - the notifications are not working.,TECHNICAL,LOW
I need this fixed soon - my shipment #48469 shows delivered but I never received it. I need a resolution today.,DELIVERY,HIGH
My payment is stuck processing for 2 days. Please fix this ASAP.,PAYMENT,HIGH
The order has not arrived yet. Can someone help?,DELIVERY,MEDIUM
I need help - i want a refund for my order.,REFUND,MEDIUM
I'm having trouble - i'm being charged a fee I don't recognize. Let me know.,PAYMENT,MEDIUM
I need this fixed soon - the order has not arrived yet. Please fix this ASAP.,DELIVERY,HIGH
I am getting an error on the website.,TECHNICAL,HIGH
"Whenever you get a chance, how do I contact a human representative. No hurry.",OTHER,LOW
This is urgent - the package is missing items.,DELIVERY,HIGH
I need this fixed soon - i cannot access my dashboard. I need a resolution today.,ACCOUNT,HIGH
I need to reset my password. Can someone help?,ACCOUNT,MEDIUM
URGENT - my parcel #18326 shows delivered but I never received it. I demand an immediate resolution.,DELIVERY,CRITICAL
This needs to be resolved right now - i see an unauthorized charge of $49.99 on my account. I demand an immediate resolution.,PAYMENT,CRITICAL
I need this fixed soon - the wrong amount was charged to my card. This is affecting my work.,PAYMENT,HIGH
I need help - the transaction failed at checkout.,PAYMENT,MEDIUM
This is really frustrating - i keep getting logged out of my user account.,ACCOUNT,HIGH
I want a refund for my order. Please advise.,REFUND,MEDIUM
I need help - the tracking hasn't updated in several days. Let me know.,DELIVERY,MEDIUM
I need help - my saved card is not showing up anymore. Let me know.,PAYMENT,MEDIUM
"No rush, but how do I delete my profile. Whenever convenient.",ACCOUNT,LOW
URGENT - my subscription renewed but I cancelled it last month.,PAYMENT,CRITICAL
URGENT - my parcel #10851 shows delivered but I never received it.,DELIVERY,CRITICAL
Could someone assist - the platform logged me out randomly. Can someone help?,TECHNICAL,MEDIUM
I'm having trouble - none of the buttons on the app are responding.,TECHNICAL,MEDIUM
I need this fixed soon - can I speak to a manager.,OTHER,HIGH
How do I delete my membership. Whenever convenient.,ACCOUNT,LOW
This is an emergency - my refund was sent to the wrong card. I want this escalated immediately.,REFUND,CRITICAL
I am extremely upset - the app crashes every time I open it on my laptop. This is completely unacceptable and needs fixing NOW.,TECHNICAL,CRITICAL
I need help - the system is not compatible with my iPhone.,TECHNICAL,MEDIUM
I need this fixed soon - payPal payment did not go through. Please fix this ASAP.,PAYMENT,HIGH
This is unacceptable - i see an unauthorized charge of $199 on my account. This is completely unacceptable and needs fixing NOW.,PAYMENT,CRITICAL
I need help - can I speak to a manager. Can someone help?,OTHER,MEDIUM
I am extremely upset - my refund of $5.99 still hasn't shown up after 10 days.,REFUND,CRITICAL
This is unacceptable - i keep getting 404 when I try to log in.,TECHNICAL,CRITICAL
I need this fixed soon - my shipment is stuck in customs. Please fix this ASAP.,DELIVERY,HIGH
I need this fixed soon - my parcel has been sitting at the warehouse for several days. Please fix this ASAP.,DELIVERY,HIGH
I need help - none of the buttons on the portal are responding. Can someone help?,TECHNICAL,MEDIUM
My order has not been delivered. This is affecting my work.,DELIVERY,HIGH
Could someone assist - can I speak to a manager. Please advise.,OTHER,MEDIUM
Please help immediately - i have not received my refund. I need a resolution today.,REFUND,HIGH
Could someone assist - none of the buttons on the website are responding. Please advise.,TECHNICAL,MEDIUM
"Just wondering, can I get a copy of my receipt. Thanks.",PAYMENT,LOW
"Whenever you get a chance, is there a student discount available. No hurry.",OTHER,LOW
I keep getting logged out of my membership.,ACCOUNT,HIGH
This is really frustrating - the page is not loading. I need a resolution today.,TECHNICAL,HIGH
Please help immediately - the tracking hasn't updated in two weeks. This is affecting my work.,DELIVERY,HIGH
This is urgent - i was only refunded part of the amount. Please fix this ASAP.,REFUND,HIGH
This is really frustrating - payPal payment did not go through. This is affecting my work.,PAYMENT,HIGH
"No rush, but i'd like to give some feedback about your service.",OTHER,LOW
This is urgent - refund shows processed but I don't see it in my bank. This is affecting my work.,REFUND,HIGH
My subscription is linked to the wrong profile. Let me know.,ACCOUNT,MEDIUM
"Just wondering, can I get a refund instead of store credit. Whenever convenient.",REFUND,LOW
Please help immediately - my refund request was denied and I don't understand why. Please fix this ASAP.,REFUND,HIGH
"Just wondering, can I change my delivery address. Whenever convenient.",DELIVERY,LOW
This is urgent - i cannot log into my account.,ACCOUNT,HIGH
Please help immediately - i want to cancel my order and get a refund. Please fix this ASAP.,REFUND,HIGH
Quick question - i need to reschedule my delivery. Thanks.,DELIVERY,LOW
I was only refunded part of the amount. I need a resolution today.,REFUND,HIGH
I need help - payPal payment did not go through.,PAYMENT,MEDIUM
Please help immediately - the courier never showed up.,DELIVERY,HIGH
"Just wondering, i need help with something. Whenever convenient.",OTHER,LOW
Could someone assist - my delivery has been sitting at the warehouse for a week. Please advise.,DELIVERY,MEDIUM
"Whenever you get a chance, do you have a loyalty program. Thanks.",OTHER,LOW
The app crashes every time I open it on my laptop.,TECHNICAL,HIGH
I'm having trouble - can I speak to a manager. Can someone help?,OTHER,MEDIUM
I'm having trouble - i keep getting logged out of my profile.,ACCOUNT,MEDIUM
I'm seeing a blank screen instead of the dashboard. Can someone help?,TECHNICAL,MEDIUM
I'm having trouble - i can't verify my email address. Please advise.,ACCOUNT,MEDIUM
This needs to be resolved right now - the API keeps returning null pointer exception. This is completely unacceptable and needs fixing NOW.,TECHNICAL,CRITICAL
I need this fixed soon - my refund was sent to the wrong card. I need a resolution today.,REFUND,HIGH
This is urgent - my refund of $430 still hasn't shown up after 5 days. This is affecting my work.,REFUND,HIGH
This needs to be resolved right now - i see an unauthorized charge of $49.99 on my account.,PAYMENT,CRITICAL
I need this fixed soon - the page is not loading. Please fix this ASAP.,TECHNICAL,HIGH
Please help immediately - my two-factor authentication isn't working. Please fix this ASAP.,ACCOUNT,HIGH
I'm having trouble - i'm not sure who to contact about this. Can someone help?,OTHER,MEDIUM
I'm having trouble - i was only refunded part of the amount. Let me know.,REFUND,MEDIUM
This is unacceptable - the app froze and I lost all my work. This is completely unacceptable and needs fixing NOW.,TECHNICAL,CRITICAL
Could someone assist - the portal is not compatible with my iPhone.,TECHNICAL,MEDIUM
This is unacceptable - my refund of $15.75 still hasn't shown up after 3 days. I demand an immediate resolution.,REFUND,CRITICAL
My refund was sent to the wrong card.,REFUND,HIGH
Please help immediately - my refund was sent to the wrong card. I need a resolution today.,REFUND,HIGH
"Whenever you get a chance, i have a general question. No hurry.",OTHER,LOW
This is unacceptable - i need a refund because the package never arrived. This is completely unacceptable and needs fixing NOW.,REFUND,CRITICAL
URGENT - i was charged twice for the same order. I want this escalated immediately.,PAYMENT,CRITICAL
Please help immediately - the courier never showed up. This is affecting my work.,DELIVERY,HIGH
I cannot log into my membership.,ACCOUNT,MEDIUM
I want to cancel my order and get a refund. This is affecting my work.,REFUND,HIGH
"No rush, but i have a suggestion for a new feature. No hurry.",OTHER,LOW
"No rush, but i have a question about your privacy policy. No hurry.",OTHER,LOW
This is an emergency - my refund of $430 still hasn't shown up after 3 days. I demand an immediate resolution.,REFUND,CRITICAL
"No rush, but how long does a refund usually take. Whenever convenient.",REFUND,LOW
This is an emergency - i see an unauthorized charge of $15.75 on my account. I demand an immediate resolution.,PAYMENT,CRITICAL
I'm having trouble - please refund my payment. Let me know.,REFUND,MEDIUM
Please help immediately - my order arrived damaged. This is affecting my work.,DELIVERY,HIGH
I need information about your terms of service. Thanks.,OTHER,LOW
This is really frustrating - i keep getting logged out of my membership.,ACCOUNT,HIGH
This is urgent - i returned my item but haven't been refunded. This is affecting my work.,REFUND,HIGH
This is really frustrating - i can't upload files on the mobile app. Please fix this ASAP.,TECHNICAL,HIGH
I'm having trouble - i'm stuck on a loading screen.,TECHNICAL,MEDIUM
This is really frustrating - my order has been sitting at the warehouse for 10 days.,DELIVERY,HIGH
"Just wondering, my membership shows the wrong information. Thanks.",ACCOUNT,LOW
Could someone assist - my two-factor authentication isn't working. Let me know.,ACCOUNT,MEDIUM
"Whenever you get a chance, can you refund my subscription for this month. Thanks.",REFUND,LOW
Please help immediately - i was charged a restocking fee I wasn't told about. This is affecting my work.,REFUND,HIGH
I'm having trouble - how do I contact a human representative.,OTHER,MEDIUM
This is unacceptable - someone else logged into my membership.,ACCOUNT,CRITICAL
I need this fixed soon - i was billed in the wrong currency. I need a resolution today.,PAYMENT,HIGH
My account shows the wrong information. Thanks.,ACCOUNT,LOW
This needs to be resolved right now - my refund of $49.99 still hasn't shown up after 3 days. I demand an immediate resolution.,REFUND,CRITICAL
"Just wondering, when will I receive my refund. Whenever convenient.",REFUND,LOW
This is unacceptable - i have not received my refund. I want this escalated immediately.,REFUND,CRITICAL
Could someone assist - payPal payment did not go through. Please advise.,PAYMENT,MEDIUM
"No rush, but can you help me.",OTHER,LOW
Could someone assist - the discount code did not apply at checkout. Please advise.,PAYMENT,MEDIUM
The app is not compatible with my Android phone. Please advise.,TECHNICAL,MEDIUM
I need help - the delivery driver couldn't find my address. Can someone help?,DELIVERY,MEDIUM
I'm having trouble - i'm not sure who to contact about this.,OTHER,MEDIUM
How do I delete my login. Thanks.,ACCOUNT,LOW
I need this fixed soon - my order is stuck in customs. This is affecting my work.,DELIVERY,HIGH
Quick question - i'd like to give some feedback about your service. Whenever convenient.,OTHER,LOW
Could someone assist - i want to file a complaint. Please advise.,OTHER,MEDIUM
Could someone assist - my user account shows the wrong information. Can someone help?,ACCOUNT,MEDIUM
I need this fixed soon - the package is missing items. This is affecting my work.,DELIVERY,HIGH
I have an issue with my order. Can someone help?,OTHER,MEDIUM
This is really frustrating - i only received part of my shipment. This is affecting my work.,DELIVERY,HIGH
This is unacceptable - i was charged twice for the same order. I want this escalated immediately.,PAYMENT,CRITICAL
"Whenever you get a chance, can you help me. No hurry.",OTHER,LOW
I need this fixed soon - none of the buttons on the mobile app are responding. This is affecting my work.,TECHNICAL,HIGH
"Just wondering, i'm not sure who to contact about this. Whenever convenient.",OTHER,LOW
This is an emergency - i need a refund because the delivery never arrived. This is completely unacceptable and needs fixing NOW.,REFUND,CRITICAL
Can I get a refund instead of store credit. No hurry.,REFUND,LOW
I need help - payPal payment did not go through. Please advise.,PAYMENT,MEDIUM
Could someone assist - the system is not compatible with my tablet. Please advise.,TECHNICAL,MEDIUM
Please help immediately - my refund of $199 still hasn't shown up after 10 days. Please fix this ASAP.,REFUND,HIGH
This is urgent - my payment is stuck processing for two weeks. This is affecting my work.,PAYMENT,HIGH
"Whenever you get a chance, i need to reschedule my delivery.",DELIVERY,LOW
"Just wondering, i need to change the delivery date for #32431. No hurry.",DELIVERY,LOW
Could someone assist - can you expedite my parcel. Can someone help?,DELIVERY,MEDIUM
I need help - how do I contact a human representative. Let me know.,OTHER,MEDIUM
This is urgent - i can't upload files on the website. Please fix this ASAP.,TECHNICAL,HIGH
Could someone assist - my subscription is linked to the wrong profile. Let me know.,ACCOUNT,MEDIUM
Please help immediately - i want a refund for my order. Please fix this ASAP.,REFUND,HIGH
I need this fixed soon - the mobile app froze and I lost all my work. This is affecting my work.,TECHNICAL,HIGH
"Whenever you get a chance, i need to change the delivery date for #55082.",DELIVERY,LOW
"Whenever you get a chance, the discount code did not apply at checkout.",PAYMENT,LOW
I need help - i never received the verification code. Let me know.,ACCOUNT,MEDIUM
URGENT - the app crashes every time I open it on my laptop. I want this escalated immediately.,TECHNICAL,CRITICAL
"No rush, but i want to merge two accounts. No hurry.",ACCOUNT,LOW
I'm having trouble - i can't upload files on the app. Please advise.,TECHNICAL,MEDIUM
"Whenever you get a chance, how do I delete my account. No hurry.",ACCOUNT,LOW
I need this fixed soon - none of the buttons on the system are responding. Please fix this ASAP.,TECHNICAL,HIGH
Quick question - when will I receive my refund. Thanks.,REFUND,LOW
I'm having trouble - the app is very slow. Please advise.,TECHNICAL,MEDIUM
I need this fixed soon - my delivery is delayed.,DELIVERY,HIGH
"Just wondering, this is regarding a partnership inquiry.",OTHER,LOW
This is really frustrating - i cannot log into my dashboard. I need a resolution today.,ACCOUNT,HIGH
"No rush, but can I get a copy of my receipt. Whenever convenient.",PAYMENT,LOW
"No rush, but i want to update my username.",ACCOUNT,LOW
Quick question - i want to track my shipment.,DELIVERY,LOW
I need help - the app is very slow. Let me know.,TECHNICAL,MEDIUM
I need help - can I get a refund instead of store credit. Please advise.,REFUND,MEDIUM
Please help immediately - my refund of $250 still hasn't shown up after a week.,REFUND,HIGH
Please help immediately - the tracking hasn't updated in 5 days.,DELIVERY,HIGH
This is really frustrating - my payment failed.,PAYMENT,HIGH
Could someone assist - i only received part of my delivery. Let me know.,DELIVERY,MEDIUM
I was only refunded part of the amount. Let me know.,REFUND,MEDIUM
I need to update my payment method. Let me know.,PAYMENT,MEDIUM
What are your business hours. No hurry.,OTHER,LOW
"Just wondering, i have a question about your privacy policy. Thanks.",OTHER,LOW
URGENT - my delivery #94012 shows delivered but I never received it. I want this escalated immediately.,DELIVERY,CRITICAL
"No rush, but the refund policy is unclear to me.",REFUND,LOW
This is urgent - my refund was sent to the wrong card. This is affecting my work.,REFUND,HIGH
I am extremely upset - my account is locked. I demand an immediate resolution.,ACCOUNT,CRITICAL
I need a refund because the delivery never arrived.,REFUND,HIGH
I'm having trouble - my login shows the wrong information. Let me know.,ACCOUNT,MEDIUM
URGENT - i think my account was hacked. I want this escalated immediately.,ACCOUNT,CRITICAL
Please help immediately - the courier never showed up. Please fix this ASAP.,DELIVERY,HIGH
How long does a refund usually take. No hurry.,REFUND,LOW
I am extremely upset - my parcel #96673 shows delivered but I never received it. This is completely unacceptable and needs fixing NOW.,DELIVERY,CRITICAL
"Just wondering, i need to reschedule my delivery. Thanks.",DELIVERY,LOW
Could someone assist - i keep getting logged out of my membership.,ACCOUNT,MEDIUM
I cannot access my profile.,ACCOUNT,HIGH
I need help - the transaction failed at checkout. Please advise.,PAYMENT,MEDIUM
Please help immediately - my two-factor authentication isn't working. This is affecting my work.,ACCOUNT,HIGH
I'm having trouble - i'm not sure who to contact about this. Please advise.,OTHER,MEDIUM
This needs to be resolved right now - my package was left at the wrong address. I want this escalated immediately.,DELIVERY,CRITICAL
I want to switch my payment method to a different card. No hurry.,PAYMENT,LOW
I need this fixed soon - the transaction failed at checkout. This is affecting my work.,PAYMENT,HIGH
I need this fixed soon - my subscription renewed but I cancelled it last month. Please fix this ASAP.,PAYMENT,HIGH
"No rush, but i want to update my username. No hurry.",ACCOUNT,LOW
I was billed in the wrong currency. This is affecting my work.,PAYMENT,HIGH
This is unacceptable - my shipment was left at the wrong address. I demand an immediate resolution.,DELIVERY,CRITICAL
I need to reset my password. Let me know.,ACCOUNT,MEDIUM
"Whenever you get a chance, do you have a loyalty program. Whenever convenient.",OTHER,LOW
I'm having trouble - the notifications are not working.,TECHNICAL,MEDIUM
This is an emergency - refund shows processed but I don't see it in my bank. This is completely unacceptable and needs fixing NOW.,REFUND,CRITICAL
I have a suggestion for a new feature.,OTHER,LOW
Could someone assist - my refund request was denied and I don't understand why. Let me know.,REFUND,MEDIUM
"Just wondering, can you expedite my package. Whenever convenient.",DELIVERY,LOW
Please help immediately - the tracking hasn't updated in several days. This is affecting my work.,DELIVERY,HIGH
"Just wondering, i need assistance. Whenever convenient.",OTHER,LOW
"No rush, but do you offer gift cards. No hurry.",OTHER,LOW
I need this fixed soon - the transaction failed at checkout. Please fix this ASAP.,PAYMENT,HIGH
"No rush, but i need help with something. Thanks.",OTHER,LOW
I want to dispute a charge and request a refund. Please fix this ASAP.,REFUND,HIGH
Please help immediately - please help me recover my old dashboard. This is affecting my work.,ACCOUNT,HIGH
Could someone assist - the notifications are not working.,TECHNICAL,MEDIUM
I'm having trouble - can you expedite my order.,DELIVERY,MEDIUM
Quick question - is there a student discount available. No hurry.,OTHER,LOW
"Whenever you get a chance, do you ship internationally. Thanks.",OTHER,LOW
Please help immediately - i was billed in the wrong currency. Please fix this ASAP.,PAYMENT,HIGH
"No rush, but can you refund my subscription for this month. Thanks.",REFUND,LOW
Could someone assist - i keep getting logged out of my profile. Please advise.,ACCOUNT,MEDIUM
Please help immediately - i'm seeing a blank screen instead of the dashboard. This is affecting my work.,TECHNICAL,HIGH
This is an emergency - the website is completely down.,TECHNICAL,CRITICAL
URGENT - the API keeps returning timeout error.,TECHNICAL,CRITICAL
This is urgent - the page is not loading.,TECHNICAL,HIGH
Could someone assist - i can't verify my email address. Please advise.,ACCOUNT,MEDIUM
This is unacceptable - i was charged twice for the same order. This is completely unacceptable and needs fixing NOW.,PAYMENT,CRITICAL
"Whenever you get a chance, how do I request a refund.",REFUND,LOW
This is really frustrating - i cannot access my user account. This is affecting my work.,ACCOUNT,HIGH
This is unacceptable - the app crashes every time I open it on my tablet. I demand an immediate resolution.,TECHNICAL,CRITICAL
The package is missing items. I need a resolution today.,DELIVERY,HIGH
I need this fixed soon - i cannot access my dashboard. Please fix this ASAP.,ACCOUNT,HIGH
I am extremely upset - i have not received my refund.,REFUND,CRITICAL
This is really frustrating - my profile was suspended without warning.,ACCOUNT,HIGH
Please help immediately - i was charged $430 but my order was cancelled. This is affecting my work.,PAYMENT,HIGH
My card was declined. This is affecting my work.,PAYMENT,HIGH
This is really frustrating - i'm being charged a fee I don't recognize. This is affecting my work.,PAYMENT,HIGH
This is an emergency - my parcel was left at the wrong address.,DELIVERY,CRITICAL
I need help - i need to reset my password.,ACCOUNT,MEDIUM
I am extremely upset - the app crashes every time I open it on my laptop. I demand an immediate resolution.,TECHNICAL,CRITICAL
URGENT - the application keeps crashing. This is completely unacceptable and needs fixing NOW.,TECHNICAL,CRITICAL
My delivery has been sitting at the warehouse for two weeks. I need a resolution today.,DELIVERY,HIGH
I'm having trouble - i keep getting logged out of my profile. Please advise.,ACCOUNT,MEDIUM
I'm having trouble - can I get a refund instead of store credit. Please advise.,REFUND,MEDIUM
This is urgent - none of the buttons on the portal are responding.,TECHNICAL,HIGH
"Just wondering, do you have a loyalty program. No hurry.",OTHER,LOW
I'm having trouble - how do I request a refund.,REFUND,MEDIUM
"Whenever you get a chance, where is my package. Thanks.",DELIVERY,LOW
URGENT - my user account was suspended without warning. I demand an immediate resolution.,ACCOUNT,CRITICAL
Could someone assist - i never received the verification code. Please advise.,ACCOUNT,MEDIUM
The platform is not compatible with my Android phone. Let me know.,TECHNICAL,MEDIUM
I am extremely upset - i need a refund because the order never arrived.,REFUND,CRITICAL
I need this fixed soon - my data disappeared after the update. This is affecting my work.,TECHNICAL,HIGH
URGENT - someone else logged into my dashboard. I demand an immediate resolution.,ACCOUNT,CRITICAL
Quick question - i want to update my username.,ACCOUNT,LOW
Can I change my delivery address. No hurry.,DELIVERY,LOW
I want to merge two accounts.,ACCOUNT,LOW
I'm having trouble - where is my package. Please advise.,DELIVERY,MEDIUM
"No rush, but can you expedite my package.",DELIVERY,LOW
This needs to be resolved right now - i keep getting timeout error when I try to log in.,TECHNICAL,CRITICAL
This is an emergency - i was charged $89.00 but my order was cancelled. This is completely unacceptable and needs fixing NOW.,PAYMENT,CRITICAL
Could someone assist - how do I contact a human representative. Please advise.,OTHER,MEDIUM
I'm having trouble - my order has not been delivered. Let me know.,DELIVERY,MEDIUM
I need help - the order has not arrived yet. Let me know.,DELIVERY,MEDIUM
I can't update my billing address on my account. Please advise.,ACCOUNT,MEDIUM
URGENT - i see an unauthorized charge of $250 on my account. I demand an immediate resolution.,PAYMENT,CRITICAL
I'm having trouble - when will I receive my refund. Can someone help?,REFUND,MEDIUM
Could someone assist - the tracking hasn't updated in two weeks.,DELIVERY,MEDIUM
Please help immediately - my refund of $5.99 still hasn't shown up after two weeks. This is affecting my work.,REFUND,HIGH
This is urgent - my refund was sent to the wrong card.,REFUND,HIGH
I need this fixed soon - my account was suspended without warning. This is affecting my work.,ACCOUNT,HIGH
Please help immediately - i keep getting logged out of my dashboard.,ACCOUNT,HIGH
Quick question - i forgot my password for my login. Thanks.,ACCOUNT,LOW
This is urgent - my parcel has been sitting at the warehouse for several days. This is affecting my work.,DELIVERY,HIGH
This is urgent - the wrong amount was charged to my card. Please fix this ASAP.,PAYMENT,HIGH
The checkout page keeps rejecting my card.,PAYMENT,MEDIUM
Please help immediately - my refund was sent to the wrong card. Please fix this ASAP.,REFUND,HIGH
I need help - my subscription is linked to the wrong user account. Can someone help?,ACCOUNT,MEDIUM
The portal is not compatible with my iPhone.,TECHNICAL,MEDIUM
The mobile app logged me out randomly. Please advise.,TECHNICAL,MEDIUM
"Just wondering, do you have a loyalty program. Whenever convenient.",OTHER,LOW
I need help - the mobile app is not compatible with my iPhone. Let me know.,TECHNICAL,MEDIUM
Could someone assist - my invoice shows an incorrect total. Can someone help?,PAYMENT,MEDIUM
My refund request was denied and I don't understand why. This is affecting my work.,REFUND,HIGH
URGENT - i see an unauthorized charge of $15.75 on my account. I want this escalated immediately.,PAYMENT,CRITICAL
I'm having trouble - my saved card is not showing up anymore. Please advise.,PAYMENT,MEDIUM
"No rush, but this is regarding a partnership inquiry. Thanks.",OTHER,LOW
The portal is not compatible with my Android phone. Let me know.,TECHNICAL,MEDIUM
This is really frustrating - i was charged twice for the same order. Please fix this ASAP.,PAYMENT,HIGH
Quick question - can you help me. Thanks.,OTHER,LOW
Could someone assist - images are not loading on the mobile app. Please advise.,TECHNICAL,MEDIUM
Could someone assist - the search feature is broken. Can someone help?,TECHNICAL,MEDIUM
I'm having trouble - i need help with something. Please advise.,OTHER,MEDIUM
I need this fixed soon - payment is not going through. I need a resolution today.,PAYMENT,HIGH
I'm having trouble - the notifications are not working. Please advise.,TECHNICAL,MEDIUM
Could someone assist - i am getting an error on the website. Can someone help?,TECHNICAL,MEDIUM
I need this fixed soon - my payment failed. I need a resolution today.,PAYMENT,HIGH
I need this fixed soon - my refund of $250 still hasn't shown up after 2 days. Please fix this ASAP.,REFUND,HIGH
Can you help me. No hurry.,OTHER,LOW
My payment is stuck processing for 3 days. I need a resolution today.,PAYMENT,HIGH
This is urgent - i can't upload files on the portal. Please fix this ASAP.,TECHNICAL,HIGH
I am extremely upset - i was charged twice for the same order. This is completely unacceptable and needs fixing NOW.,PAYMENT,CRITICAL
Please help immediately - my refund request was denied and I don't understand why. This is affecting my work.,REFUND,HIGH
I need this fixed soon - payment is not going through. Please fix this ASAP.,PAYMENT,HIGH
This is urgent - please help me recover my old membership. Please fix this ASAP.,ACCOUNT,HIGH
How do I delete my login. No hurry.,ACCOUNT,LOW
"Whenever you get a chance, how long does a refund usually take. No hurry.",REFUND,LOW
My delivery is delayed. This is affecting my work.,DELIVERY,HIGH
I want to switch my payment method to a different card. Whenever convenient.,PAYMENT,LOW
This is really frustrating - i was charged twice for the same order. This is affecting my work.,PAYMENT,HIGH
I'm having trouble - my order has not been delivered. Please advise.,DELIVERY,MEDIUM
"Just wondering, do you have a loyalty program. Thanks.",OTHER,LOW
"Whenever you get a chance, i need information about your terms of service. No hurry.",OTHER,LOW
How do I contact a human representative. Let me know.,OTHER,MEDIUM
I returned my item but haven't been refunded. Please fix this ASAP.,REFUND,HIGH
"Whenever you get a chance, how can I change my account email. No hurry.",ACCOUNT,LOW
I need this fixed soon - i want to file a complaint. I need a resolution today.,OTHER,HIGH
I want to cancel my order and get a refund. I need a resolution today.,REFUND,HIGH
This is urgent - i want to file a complaint.,OTHER,HIGH
I have an issue with my order.,OTHER,MEDIUM
I need help - i was only refunded part of the amount. Let me know.,REFUND,MEDIUM
"Just wondering, can you help me. Thanks.",OTHER,LOW
"Whenever you get a chance, how do I delete my membership. Whenever convenient.",ACCOUNT,LOW
Could someone assist - i was only refunded part of the amount. Can someone help?,REFUND,MEDIUM
I need help - the delivery driver couldn't find my address. Let me know.,DELIVERY,MEDIUM
Please help immediately - i'm stuck on a loading screen. Please fix this ASAP.,TECHNICAL,HIGH
"Whenever you get a chance, do you ship internationally.",OTHER,LOW
I'm having trouble - i forgot my password for my login. Let me know.,ACCOUNT,MEDIUM
This is unacceptable - refund shows processed but I don't see it in my bank. This is completely unacceptable and needs fixing NOW.,REFUND,CRITICAL
Could someone assist - the transaction failed at checkout. Please advise.,PAYMENT,MEDIUM
I need this fixed soon - the wrong amount was charged to my card. Please fix this ASAP.,PAYMENT,HIGH
Could someone assist - i need help with something. Please advise.,OTHER,MEDIUM
I need this fixed soon - i keep getting 404 when I try to log in. Please fix this ASAP.,TECHNICAL,HIGH
Quick question - i want to merge two accounts. No hurry.,ACCOUNT,LOW
I cannot access my membership.,ACCOUNT,MEDIUM
I'm having trouble - payment is not going through.,PAYMENT,MEDIUM
Quick question - i need help with something. Thanks.,OTHER,LOW
I want to track my shipment. Thanks.,DELIVERY,LOW
"Just wondering, do you ship internationally. No hurry.",OTHER,LOW
I want to track my shipment. No hurry.,DELIVERY,LOW
I need help - the notifications are not working. Please advise.,TECHNICAL,MEDIUM
I need this fixed soon - my profile was suspended without warning. Please fix this ASAP.,ACCOUNT,HIGH
Quick question - can you expedite my delivery. No hurry.,DELIVERY,LOW
When will I receive my refund.,REFUND,LOW
I need this fixed soon - none of the buttons on the platform are responding. I need a resolution today.,TECHNICAL,HIGH
I need help - the app is very slow.,TECHNICAL,MEDIUM
This is unacceptable - i need a refund because the order never arrived.,REFUND,CRITICAL
"I need this fixed soon - i was charged $1,200 but my order was cancelled.",PAYMENT,HIGH
"Just wondering, my profile shows the wrong information.",ACCOUNT,LOW
This is urgent - the page is not loading. Please fix this ASAP.,TECHNICAL,HIGH
"Whenever you get a chance, is there a student discount available. Whenever convenient.",OTHER,LOW
Please help immediately - i was billed in the wrong currency.,PAYMENT,HIGH
This is unacceptable - i want to dispute a charge and request a refund.,REFUND,CRITICAL
URGENT - my delivery was left at the wrong address. I demand an immediate resolution.,DELIVERY,CRITICAL
Please help immediately - i want a refund for my order. I need a resolution today.,REFUND,HIGH
I need this fixed soon - none of the buttons on the app are responding. Please fix this ASAP.,TECHNICAL,HIGH
I'm having trouble - the page is not loading. Can someone help?,TECHNICAL,MEDIUM
"Whenever you get a chance, there's a bug in the latest update. Thanks.",TECHNICAL,LOW
I'm having trouble - my saved card is not showing up anymore. Can someone help?,PAYMENT,MEDIUM
Please help immediately - my refund was sent to the wrong card.,REFUND,HIGH
My refund of $15.75 still hasn't shown up after several days. I need a resolution today.,REFUND,HIGH
This is unacceptable - i see an unauthorized charge of $12.50 on my account. I want this escalated immediately.,PAYMENT,CRITICAL
I need help - my saved card is not showing up anymore. Can someone help?,PAYMENT,MEDIUM
My subscription is linked to the wrong profile. Can someone help?,ACCOUNT,MEDIUM
This is urgent - my delivery is delayed.,DELIVERY,HIGH
Can I speak to a manager. This is affecting my work.,OTHER,HIGH
URGENT - someone else logged into my dashboard. I want this escalated immediately.,ACCOUNT,CRITICAL
This is unacceptable - i think my account was hacked. I want this escalated immediately.,ACCOUNT,CRITICAL
This is really frustrating - i received the wrong item in my delivery. This is affecting my work.,DELIVERY,HIGH
I need this fixed soon - i want to file a complaint. Please fix this ASAP.,OTHER,HIGH
I need this fixed soon - i only received part of my shipment.,DELIVERY,HIGH
I'm having trouble - my shipment has been sitting at the warehouse for a week. Please advise.,DELIVERY,MEDIUM
"No rush, but i forgot my password for my account. Whenever convenient.",ACCOUNT,LOW
Please help immediately - i was charged twice for the same order. I need a resolution today.,PAYMENT,HIGH
I'm having trouble - my payment failed. Please advise.,PAYMENT,MEDIUM
Could someone assist - i was billed in the wrong currency. Can someone help?,PAYMENT,MEDIUM
Could someone assist - i'm being charged a fee I don't recognize.,PAYMENT,MEDIUM
"No rush, but where is my package.",DELIVERY,LOW
This is urgent - my order arrived damaged.,DELIVERY,HIGH
"Whenever you get a chance, i have a suggestion for a new feature. No hurry.",OTHER,LOW
"No rush, but how do I delete my user account. No hurry.",ACCOUNT,LOW
Could someone assist - i can't upload files on the mobile app. Let me know.,TECHNICAL,MEDIUM
URGENT - the API keeps returning 404. I want this escalated immediately.,TECHNICAL,CRITICAL
This is urgent - i only received part of my delivery.,DELIVERY,HIGH
I am getting an error on the website. Let me know.,TECHNICAL,MEDIUM
"Whenever you get a chance, the discount code did not apply at checkout. Thanks.",PAYMENT,LOW
I received the wrong item in my shipment. Please fix this ASAP.,DELIVERY,HIGH
"No rush, but how do I delete my account. Thanks.",ACCOUNT,LOW
Quick question - i have a suggestion for a new feature. Thanks.,OTHER,LOW
"Just wondering, i want to unsubscribe from marketing emails. Whenever convenient.",OTHER,LOW
Images are not loading on the mobile app.,TECHNICAL,MEDIUM
URGENT - i was charged twice for the same order. This is completely unacceptable and needs fixing NOW.,PAYMENT,CRITICAL
I'm having trouble - the mobile app logged me out randomly.,TECHNICAL,MEDIUM
Do you have a loyalty program. Thanks.,OTHER,LOW
My two-factor authentication isn't working. Please advise.,ACCOUNT,MEDIUM
"No rush, but i need to reschedule my delivery. No hurry.",DELIVERY,LOW
I want to cancel my order and get a refund. Let me know.,REFUND,MEDIUM
I need help - the app logged me out randomly. Please advise.,TECHNICAL,MEDIUM
I'm having trouble - the website is not compatible with my Chrome browser. Please advise.,TECHNICAL,MEDIUM
This is an emergency - my refund was sent to the wrong card. This is completely unacceptable and needs fixing NOW.,REFUND,CRITICAL
My parcel arrived damaged. This is affecting my work.,DELIVERY,HIGH
URGENT - i think my account was hacked. This is completely unacceptable and needs fixing NOW.,ACCOUNT,CRITICAL
This is really frustrating - my delivery was left at the wrong address.,DELIVERY,HIGH
This is unacceptable - i see an unauthorized charge of $250 on my account. This is completely unacceptable and needs fixing NOW.,PAYMENT,CRITICAL
Could someone assist - i returned my item but haven't been refunded.,REFUND,MEDIUM
I need help - i keep getting logged out of my membership.,ACCOUNT,MEDIUM
Quick question - how do I contact a human representative. Whenever convenient.,OTHER,LOW
URGENT - my refund of $12.50 still hasn't shown up after 5 days.,REFUND,CRITICAL
"No rush, but i have a question about your privacy policy. Thanks.",OTHER,LOW
I need help - i can't update my billing address on my profile.,ACCOUNT,MEDIUM
Please help immediately - the transaction failed at checkout.,PAYMENT,HIGH
I'm having trouble - my two-factor authentication isn't working. Let me know.,ACCOUNT,MEDIUM
This is urgent - payment is not going through.,PAYMENT,HIGH
I am extremely upset - someone else logged into my account. I demand an immediate resolution.,ACCOUNT,CRITICAL
I am extremely upset - the website is completely down. I want this escalated immediately.,TECHNICAL,CRITICAL
"No rush, but can I get a copy of my receipt.",PAYMENT,LOW
I'm having trouble - my package is stuck in customs. Can someone help?,DELIVERY,MEDIUM
I'm having trouble - my subscription is linked to the wrong login. Let me know.,ACCOUNT,MEDIUM
I need assistance. Please advise.,OTHER,MEDIUM
I'm having trouble - i forgot my password for my profile. Let me know.,ACCOUNT,MEDIUM
This is an emergency - the app crashes every time I open it on my desktop. I demand an immediate resolution.,TECHNICAL,CRITICAL
I'm having trouble - how do I request a refund. Can someone help?,REFUND,MEDIUM
I never received the verification code. Please advise.,ACCOUNT,MEDIUM
How can I change my account email. Thanks.,ACCOUNT,LOW
I'm having trouble - i received the wrong item in my package. Can someone help?,DELIVERY,MEDIUM
This is really frustrating - the courier never showed up.,DELIVERY,HIGH
Please help immediately - i'm stuck on a loading screen. I need a resolution today.,TECHNICAL,HIGH
This needs to be resolved right now - refund shows processed but I don't see it in my bank.,REFUND,CRITICAL
I cannot log into my user account.,ACCOUNT,MEDIUM
Do you have a loyalty program. No hurry.,OTHER,LOW
"Just wondering, what are your business hours. Thanks.",OTHER,LOW
Please help immediately - i want to file a complaint. Please fix this ASAP.,OTHER,HIGH
"Just wondering, i have a suggestion for a new feature. Whenever convenient.",OTHER,LOW
This is unacceptable - the website is completely down. I demand an immediate resolution.,TECHNICAL,CRITICAL
"Just wondering, i have a question about your privacy policy. Whenever convenient.",OTHER,LOW
This is an emergency - my order #54597 shows delivered but I never received it. This is completely unacceptable and needs fixing NOW.,DELIVERY,CRITICAL
I am extremely upset - my shipment was left at the wrong address. I demand an immediate resolution.,DELIVERY,CRITICAL
This is an emergency - my profile is locked. This is completely unacceptable and needs fixing NOW.,ACCOUNT,CRITICAL
I need help - please refund my payment.,REFUND,MEDIUM
URGENT - my package was left at the wrong address. I want this escalated immediately.,DELIVERY,CRITICAL
"Whenever you get a chance, i have a question about your privacy policy.",OTHER,LOW
This needs to be resolved right now - i keep getting null pointer exception when I try to log in. This is completely unacceptable and needs fixing NOW.,TECHNICAL,CRITICAL
This is really frustrating - my dashboard was suspended without warning. Please fix this ASAP.,ACCOUNT,HIGH
I need help - i have an issue with my order. Please advise.,OTHER,MEDIUM
Please help immediately - i only received part of my order. Please fix this ASAP.,DELIVERY,HIGH
Quick question - the notifications are not working. Whenever convenient.,TECHNICAL,LOW
I need help - the page is not loading. Can someone help?,TECHNICAL,MEDIUM
I need this fixed soon - refund shows processed but I don't see it in my bank. I need a resolution today.,REFUND,HIGH
This is an emergency - i see an unauthorized charge of $89.00 on my account.,PAYMENT,CRITICAL
I am extremely upset - someone else logged into my dashboard.,ACCOUNT,CRITICAL
This is urgent - i only received part of my shipment.,DELIVERY,HIGH
The delivery driver couldn't find my address.,DELIVERY,MEDIUM
Quick question - how can I change my account email. Whenever convenient.,ACCOUNT,LOW
I received the wrong item in my package. Please advise.,DELIVERY,MEDIUM
I need help - i want a refund for my order. Let me know.,REFUND,MEDIUM
Could someone assist - i only received part of my package. Can someone help?,DELIVERY,MEDIUM
I'm having trouble - the transaction failed at checkout. Please advise.,PAYMENT,MEDIUM
My refund was sent to the wrong card. Please fix this ASAP.,REFUND,HIGH
"Whenever you get a chance, i have a general question. Thanks.",OTHER,LOW
I'm having trouble - i never received the verification code.,ACCOUNT,MEDIUM
This is really frustrating - i have not received my refund. Please fix this ASAP.,REFUND,HIGH
This is really frustrating - my shipment #69429 shows delivered but I never received it. This is affecting my work.,DELIVERY,HIGH
"No rush, but what are your business hours.",OTHER,LOW
This is urgent - i want a refund for my order. Please fix this ASAP.,REFUND,HIGH
This is urgent - my login is locked.,ACCOUNT,HIGH
I am extremely upset - i think my account was hacked. I demand an immediate resolution.,ACCOUNT,CRITICAL
Quick question - i need information about your terms of service.,OTHER,LOW
Please help immediately - can I speak to a manager. Please fix this ASAP.,OTHER,HIGH
I'm having trouble - i never received the verification code. Please advise.,ACCOUNT,MEDIUM
I need help - i need assistance.,OTHER,MEDIUM
I need this fixed soon - my package #80644 shows delivered but I never received it. This is affecting my work.,DELIVERY,HIGH
Could someone assist - my payment is stuck processing for a week. Let me know.,PAYMENT,MEDIUM
I'm having trouble - the system logged me out randomly. Can someone help?,TECHNICAL,MEDIUM
URGENT - the website is completely down.,TECHNICAL,CRITICAL
This needs to be resolved right now - my refund was sent to the wrong card.,REFUND,CRITICAL
This is really frustrating - i'm being charged a fee I don't recognize.,PAYMENT,HIGH
I'm having trouble - the tracking hasn't updated in a week. Can someone help?,DELIVERY,MEDIUM
I need help - my subscription is linked to the wrong membership. Please advise.,ACCOUNT,MEDIUM
I only received part of my delivery.,DELIVERY,HIGH
There's a bug in the latest update. Let me know.,TECHNICAL,MEDIUM
This needs to be resolved right now - my delivery #62350 shows delivered but I never received it. I want this escalated immediately.,DELIVERY,CRITICAL
I am extremely upset - the API keeps returning 404. I demand an immediate resolution.,TECHNICAL,CRITICAL
I need help - can you refund my subscription for this month. Can someone help?,REFUND,MEDIUM
"Just wondering, the notifications are not working. Whenever convenient.",TECHNICAL,LOW
I'm having trouble - i need help with something. Can someone help?,OTHER,MEDIUM
I need to change the delivery date for #88907. Whenever convenient.,DELIVERY,LOW
I am extremely upset - i keep getting 404 when I try to log in. I want this escalated immediately.,TECHNICAL,CRITICAL
Could someone assist - i only received part of my order. Let me know.,DELIVERY,MEDIUM
I need help - i need to update my payment method. Let me know.,PAYMENT,MEDIUM
My subscription is linked to the wrong membership.,ACCOUNT,MEDIUM
This is really frustrating - the application keeps crashing. I need a resolution today.,TECHNICAL,HIGH
Please help immediately - i was only refunded part of the amount.,REFUND,HIGH
"Just wondering, i have a suggestion for a new feature. Thanks.",OTHER,LOW
I'm having trouble - i need assistance.,OTHER,MEDIUM
Quick question - can I get a refund instead of store credit. Thanks.,REFUND,LOW
I was charged a restocking fee I wasn't told about. Please advise.,REFUND,MEDIUM
I am extremely upset - someone else logged into my membership.,ACCOUNT,CRITICAL
I need help - the package is missing items. Can someone help?,DELIVERY,MEDIUM
I need help - how do I contact a human representative. Can someone help?,OTHER,MEDIUM
"Whenever you get a chance, i'm not sure who to contact about this. Thanks.",OTHER,LOW
Can I speak to a manager. Let me know.,OTHER,MEDIUM
I need help - i'm stuck on a loading screen. Let me know.,TECHNICAL,MEDIUM
Quick question - the refund policy is unclear to me. Thanks.,REFUND,LOW
My subscription is linked to the wrong login. Can someone help?,ACCOUNT,MEDIUM
"Whenever you get a chance, i'd like to give some feedback about your service. Whenever convenient.",OTHER,LOW
This is really frustrating - my payment failed. This is affecting my work.,PAYMENT,HIGH
I need this fixed soon - my refund request was denied and I don't understand why. Please fix this ASAP.,REFUND,HIGH
I need help - i was billed in the wrong currency. Let me know.,PAYMENT,MEDIUM
I'm having trouble - my delivery is delayed.,DELIVERY,MEDIUM
Could someone assist - i'm being charged a fee I don't recognize. Can someone help?,PAYMENT,MEDIUM
"Whenever you get a chance, do you offer gift cards.",OTHER,LOW
I'm having trouble - i'm being charged a fee I don't recognize. Can someone help?,PAYMENT,MEDIUM
"No rush, but do you have a loyalty program.",OTHER,LOW
I was charged a restocking fee I wasn't told about. Can someone help?,REFUND,MEDIUM
I need this fixed soon - my order has been sitting at the warehouse for 2 days. This is affecting my work.,DELIVERY,HIGH
This needs to be resolved right now - i see an unauthorized charge of $430 on my account. This is completely unacceptable and needs fixing NOW.,PAYMENT,CRITICAL
I'm having trouble - please help me recover my old user account.,ACCOUNT,MEDIUM
"Just wondering, i need assistance. Thanks.",OTHER,LOW
I want to cancel my order and get a refund. Please advise.,REFUND,MEDIUM
I need this fixed soon - i want to cancel my order and get a refund. Please fix this ASAP.,REFUND,HIGH
Could someone assist - payment is not going through. Please advise.,PAYMENT,MEDIUM
Quick question - do you offer gift cards. Whenever convenient.,OTHER,LOW
I'm having trouble - the transaction failed at checkout. Can someone help?,PAYMENT,MEDIUM
This is really frustrating - i want to file a complaint. Please fix this ASAP.,OTHER,HIGH
I need this fixed soon - the checkout page keeps rejecting my card. Please fix this ASAP.,PAYMENT,HIGH
None of the buttons on the website are responding. Please advise.,TECHNICAL,MEDIUM
"I returned the wrong item by mistake, can I still get a refund.",REFUND,MEDIUM
I need help - i need assistance. Can someone help?,OTHER,MEDIUM
My package has been sitting at the warehouse for several days.,DELIVERY,MEDIUM
This is really frustrating - i want to file a complaint.,OTHER,HIGH
My refund request was denied and I don't understand why. I need a resolution today.,REFUND,HIGH
Images are not loading on the app. Thanks.,TECHNICAL,LOW
I need this fixed soon - i keep getting 404 when I try to log in. I need a resolution today.,TECHNICAL,HIGH
I'm stuck on a loading screen.,TECHNICAL,MEDIUM
The transaction failed at checkout. I need a resolution today.,PAYMENT,HIGH
Could someone assist - my order has not been delivered. Let me know.,DELIVERY,MEDIUM
"Just wondering, is there a student discount available.",OTHER,LOW
URGENT - refund shows processed but I don't see it in my bank. I want this escalated immediately.,REFUND,CRITICAL
This is really frustrating - my refund of $12.50 still hasn't shown up after 10 days. Please fix this ASAP.,REFUND,HIGH
Could someone assist - payPal payment did not go through. Let me know.,PAYMENT,MEDIUM
I need help - i need to change the delivery date for #13905.,DELIVERY,MEDIUM
My payment is stuck processing for 3 days. Can someone help?,PAYMENT,MEDIUM
This is urgent - the wrong amount was charged to my card.,PAYMENT,HIGH
URGENT - someone else logged into my dashboard.,ACCOUNT,CRITICAL
I need help - my subscription is linked to the wrong account. Please advise.,ACCOUNT,MEDIUM
I need help - the package is missing items.,DELIVERY,MEDIUM
Quick question - can I get a refund instead of store credit. Whenever convenient.,REFUND,LOW
My delivery arrived damaged. Can someone help?,DELIVERY,MEDIUM
This is an emergency - my login was suspended without warning. I demand an immediate resolution.,ACCOUNT,CRITICAL
The app is very slow. Thanks.,TECHNICAL,LOW
This is urgent - i was charged $250 but my order was cancelled. This is affecting my work.,PAYMENT,HIGH
This is an emergency - i think my account was hacked. I demand an immediate resolution.,ACCOUNT,CRITICAL
This is really frustrating - the transaction failed at checkout. I need a resolution today.,PAYMENT,HIGH
Quick question - i want to unsubscribe from marketing emails.,OTHER,LOW
Could someone assist - i want a refund for my order. Can someone help?,REFUND,MEDIUM
I'm having trouble - my payment is stuck processing for 10 days.,PAYMENT,MEDIUM
I'm having trouble - my subscription is linked to the wrong login.,ACCOUNT,MEDIUM
I need help - can I speak to a manager.,OTHER,MEDIUM
I need this fixed soon - my refund was sent to the wrong card. Please fix this ASAP.,REFUND,HIGH
I'm having trouble - can you refund my subscription for this month. Can someone help?,REFUND,MEDIUM
I need help - i keep getting logged out of my membership. Can someone help?,ACCOUNT,MEDIUM
Could someone assist - i need to change the delivery date for #89507. Please advise.,DELIVERY,MEDIUM
Could someone assist - i can't update my billing address on my dashboard. Can someone help?,ACCOUNT,MEDIUM
URGENT - i was charged twice for the same order.,PAYMENT,CRITICAL
I need help - the tracking hasn't updated in several days. Please advise.,DELIVERY,MEDIUM
Could someone assist - my subscription is linked to the wrong login.,ACCOUNT,MEDIUM
"Just wondering, can I get a copy of my receipt. No hurry.",PAYMENT,LOW
This is really frustrating - i want to dispute a charge and request a refund. This is affecting my work.,REFUND,HIGH
"Whenever you get a chance, i want to unsubscribe from marketing emails. No hurry.",OTHER,LOW
This is unacceptable - i think my account was hacked.,ACCOUNT,CRITICAL
"Whenever you get a chance, images are not loading on the system.",TECHNICAL,LOW
Could someone assist - my refund request was denied and I don't understand why. Can someone help?,REFUND,MEDIUM
The app is very slow. Please advise.,TECHNICAL,MEDIUM
I'm having trouble - can you refund my subscription for this month. Let me know.,REFUND,MEDIUM
The page is not loading. This is affecting my work.,TECHNICAL,HIGH
I'm having trouble - where is my package. Can someone help?,DELIVERY,MEDIUM
"No rush, but i need assistance. Thanks.",OTHER,LOW
I'm seeing a blank screen instead of the dashboard. Please advise.,TECHNICAL,MEDIUM
"Just wondering, i need to change the delivery date for #70217.",DELIVERY,LOW
I need help - can you expedite my parcel. Let me know.,DELIVERY,MEDIUM
Could someone assist - there's a bug in the latest update. Can someone help?,TECHNICAL,MEDIUM
My refund was sent to the wrong card. This is affecting my work.,REFUND,HIGH
"Whenever you get a chance, how do I contact a human representative.",OTHER,LOW
The courier never showed up. Please fix this ASAP.,DELIVERY,HIGH
This needs to be resolved right now - i want to dispute a charge and request a refund.,REFUND,CRITICAL
"Whenever you get a chance, can I change my delivery address. Whenever convenient.",DELIVERY,LOW
The API keeps returning 502. I need a resolution today.,TECHNICAL,HIGH
"Just wondering, i need to update my payment method. Whenever convenient.",PAYMENT,LOW
This is urgent - i want to dispute a charge and request a refund. I need a resolution today.,REFUND,HIGH
I need help - the mobile app logged me out randomly. Let me know.,TECHNICAL,MEDIUM
Could someone assist - i returned my item but haven't been refunded. Let me know.,REFUND,MEDIUM
I'm having trouble - the delivery driver couldn't find my address. Can someone help?,DELIVERY,MEDIUM
I need help - none of the buttons on the app are responding.,TECHNICAL,MEDIUM
URGENT - my refund of $89.00 still hasn't shown up after 10 days. I want this escalated immediately.,REFUND,CRITICAL
Quick question - i need help with something. No hurry.,OTHER,LOW
I need help - the page is not loading. Please advise.,TECHNICAL,MEDIUM
I need help - when will I receive my refund.,REFUND,MEDIUM
"Just wondering, do you ship internationally.",OTHER,LOW
I'm having trouble - i can't update my billing address on my account. Please advise.,ACCOUNT,MEDIUM
I need help - i never received the verification code.,ACCOUNT,MEDIUM
I'm having trouble - the delivery driver couldn't find my address.,DELIVERY,MEDIUM
Could someone assist - the search feature is broken. Let me know.,TECHNICAL,MEDIUM
Please help immediately - my dashboard is locked.,ACCOUNT,HIGH
I am extremely upset - the system froze and I lost all my work. I demand an immediate resolution.,TECHNICAL,CRITICAL
I want to switch my payment method to a different card.,PAYMENT,LOW
There's a bug in the latest update. No hurry.,TECHNICAL,LOW
This is unacceptable - i want to dispute a charge and request a refund. I demand an immediate resolution.,REFUND,CRITICAL
"Whenever you get a chance, i need to update my payment method. No hurry.",PAYMENT,LOW
I'm having trouble - i can't update my billing address on my login. Let me know.,ACCOUNT,MEDIUM
I'm having trouble - the portal is not compatible with my Android phone. Please advise.,TECHNICAL,MEDIUM
I have a question about your privacy policy. No hurry.,OTHER,LOW
Can you help me. Whenever convenient.,OTHER,LOW
I'm having trouble - the discount code did not apply at checkout. Can someone help?,PAYMENT,MEDIUM
I'm having trouble - i can't verify my email address. Let me know.,ACCOUNT,MEDIUM
URGENT - i was charged $15.75 but my order was cancelled. I demand an immediate resolution.,PAYMENT,CRITICAL
I cannot access my login. Please advise.,ACCOUNT,MEDIUM
Could someone assist - my order has not been delivered.,DELIVERY,MEDIUM
"Whenever you get a chance, how do I delete my login. No hurry.",ACCOUNT,LOW
I need this fixed soon - my data disappeared after the update. I need a resolution today.,TECHNICAL,HIGH
This needs to be resolved right now - the app froze and I lost all my work. This is completely unacceptable and needs fixing NOW.,TECHNICAL,CRITICAL
"No rush, but how do I request a refund. Whenever convenient.",REFUND,LOW
"No rush, but i forgot my password for my profile.",ACCOUNT,LOW
Could someone assist - the order has not arrived yet.,DELIVERY,MEDIUM
I need help - none of the buttons on the platform are responding. Let me know.,TECHNICAL,MEDIUM
I'm having trouble - the order has not arrived yet.,DELIVERY,MEDIUM
How do I contact a human representative. Can someone help?,OTHER,MEDIUM
This is urgent - i'm seeing a blank screen instead of the dashboard.,TECHNICAL,HIGH
"No rush, but i want to track my shipment.",DELIVERY,LOW
My account shows the wrong information. Can someone help?,ACCOUNT,MEDIUM
This is really frustrating - my refund of $430 still hasn't shown up after two weeks. I need a resolution today.,REFUND,HIGH
I'm having trouble - the package is missing items. Please advise.,DELIVERY,MEDIUM
Quick question - how do I delete my user account. Whenever convenient.,ACCOUNT,LOW
"This is an emergency - i was charged $1,200 but my order was cancelled.",PAYMENT,CRITICAL
This is urgent - please refund my payment. I need a resolution today.,REFUND,HIGH
This is unacceptable - i keep getting 403 when I try to log in. I demand an immediate resolution.,TECHNICAL,CRITICAL
This is an emergency - my subscription renewed but I cancelled it last month. I want this escalated immediately.,PAYMENT,CRITICAL
Please help immediately - i cannot log into my user account. I need a resolution today.,ACCOUNT,HIGH
"Just wondering, images are not loading on the system. Thanks.",TECHNICAL,LOW
This is an emergency - my package was left at the wrong address. I demand an immediate resolution.,DELIVERY,CRITICAL
This is urgent - please help me recover my old dashboard. Please fix this ASAP.,ACCOUNT,HIGH
Please help immediately - i need a refund because the order never arrived. This is affecting my work.,REFUND,HIGH
Could someone assist - i want to file a complaint. Can someone help?,OTHER,MEDIUM
I'm having trouble - i need to change the delivery date for #20458. Let me know.,DELIVERY,MEDIUM
"Just wondering, i'd like to give some feedback about your service. Whenever convenient.",OTHER,LOW
Quick question - i need assistance. Thanks.,OTHER,LOW
Please help immediately - my order was left at the wrong address. Please fix this ASAP.,DELIVERY,HIGH
This is unacceptable - my order #23396 shows delivered but I never received it. I demand an immediate resolution.,DELIVERY,CRITICAL
I need this fixed soon - the checkout page keeps rejecting my card. This is affecting my work.,PAYMENT,HIGH
My two-factor authentication isn't working. Let me know.,ACCOUNT,MEDIUM
Could someone assist - my invoice shows an incorrect total. Let me know.,PAYMENT,MEDIUM
"My refund of $1,200 still hasn't shown up after two weeks. This is affecting my work.",REFUND,HIGH
"Whenever you get a chance, i need assistance. No hurry.",OTHER,LOW
Please help immediately - i returned my item but haven't been refunded. This is affecting my work.,REFUND,HIGH
"Whenever you get a chance, when will I receive my refund. Whenever convenient.",REFUND,LOW
Please help immediately - i want to cancel my order and get a refund. This is affecting my work.,REFUND,HIGH
I need help - please help me recover my old dashboard. Let me know.,ACCOUNT,MEDIUM
I need this fixed soon - i received the wrong item in my shipment. This is affecting my work.,DELIVERY,HIGH
I need this fixed soon - i was only refunded part of the amount. I need a resolution today.,REFUND,HIGH
Please help immediately - payPal payment did not go through. Please fix this ASAP.,PAYMENT,HIGH
I'm being charged a fee I don't recognize. This is affecting my work.,PAYMENT,HIGH
This is an emergency - i think my account was hacked. This is completely unacceptable and needs fixing NOW.,ACCOUNT,CRITICAL
This is unacceptable - my order was left at the wrong address. This is completely unacceptable and needs fixing NOW.,DELIVERY,CRITICAL
This is really frustrating - the order has not arrived yet. This is affecting my work.,DELIVERY,HIGH
Please help immediately - my two-factor authentication isn't working.,ACCOUNT,HIGH
"Whenever you get a chance, can I change my delivery address. Thanks.",DELIVERY,LOW
URGENT - my membership is locked. I demand an immediate resolution.,ACCOUNT,CRITICAL
URGENT - i see an unauthorized charge of $199 on my account. I demand an immediate resolution.,PAYMENT,CRITICAL
"Just wondering, i want to update my username. Thanks.",ACCOUNT,LOW
Could someone assist - my refund request was denied and I don't understand why.,REFUND,MEDIUM
"Just wondering, i want to update my username.",ACCOUNT,LOW
I need this fixed soon - the application keeps crashing. This is affecting my work.,TECHNICAL,HIGH
URGENT - my dashboard was suspended without warning. I demand an immediate resolution.,ACCOUNT,CRITICAL
"Just wondering, is there a student discount available. No hurry.",OTHER,LOW
URGENT - my user account is locked. I demand an immediate resolution.,ACCOUNT,CRITICAL
I'm stuck on a loading screen. Please advise.,TECHNICAL,MEDIUM
Can you expedite my package. Please advise.,DELIVERY,MEDIUM
My invoice shows an incorrect total.,PAYMENT,MEDIUM
I'm having trouble - my two-factor authentication isn't working. Can someone help?,ACCOUNT,MEDIUM
"Whenever you get a chance, i have a question about your privacy policy. No hurry.",OTHER,LOW
"Just wondering, can you refund my subscription for this month. Thanks.",REFUND,LOW
Quick question - what are your business hours.,OTHER,LOW
How do I delete my login. Whenever convenient.,ACCOUNT,LOW
I need help - can I change my delivery address.,DELIVERY,MEDIUM
I was billed in the wrong currency.,PAYMENT,HIGH
"Just wondering, the discount code did not apply at checkout. Thanks.",PAYMENT,LOW
Could someone assist - i'm being charged a fee I don't recognize. Let me know.,PAYMENT,MEDIUM
I need help - can you refund my subscription for this month. Please advise.,REFUND,MEDIUM
Quick question - can you refund my subscription for this month.,REFUND,LOW
I'm having trouble - i was billed in the wrong currency. Can someone help?,PAYMENT,MEDIUM
This is urgent - i cannot log into my dashboard. I need a resolution today.,ACCOUNT,HIGH
I want to update my username. Thanks.,ACCOUNT,LOW
The tracking hasn't updated in two weeks. This is affecting my work.,DELIVERY,HIGH
I need help - my order is stuck in customs. Can someone help?,DELIVERY,MEDIUM
Could someone assist - i keep getting logged out of my profile. Can someone help?,ACCOUNT,MEDIUM
I need help - the checkout page keeps rejecting my card.,PAYMENT,MEDIUM
Could someone assist - i'm not sure who to contact about this.,OTHER,MEDIUM
Refund shows processed but I don't see it in my bank. This is affecting my work.,REFUND,HIGH
Could someone assist - i never received the verification code. Can someone help?,ACCOUNT,MEDIUM
I need help - the portal logged me out randomly. Can someone help?,TECHNICAL,MEDIUM
My user account is locked. I need a resolution today.,ACCOUNT,HIGH
I need help with something. Thanks.,OTHER,LOW
I need help - i was charged a restocking fee I wasn't told about. Can someone help?,REFUND,MEDIUM
"No rush, but there's a bug in the latest update.",TECHNICAL,LOW
Can I speak to a manager. I need a resolution today.,OTHER,HIGH
This is really frustrating - my card was declined. I need a resolution today.,PAYMENT,HIGH
I can't upload files on the app.,TECHNICAL,HIGH
The checkout page keeps rejecting my card. This is affecting my work.,PAYMENT,HIGH
I'm having trouble - none of the buttons on the app are responding. Let me know.,TECHNICAL,MEDIUM
This is unacceptable - the app crashes every time I open it on my laptop. I demand an immediate resolution.,TECHNICAL,CRITICAL
I need help - my refund request was denied and I don't understand why. Please advise.,REFUND,MEDIUM
I need this fixed soon - i'm seeing a blank screen instead of the dashboard. This is affecting my work.,TECHNICAL,HIGH
Could someone assist - my order arrived damaged. Let me know.,DELIVERY,MEDIUM
This needs to be resolved right now - the application keeps crashing. I demand an immediate resolution.,TECHNICAL,CRITICAL
This is urgent - payment is not going through. I need a resolution today.,PAYMENT,HIGH
Please help immediately - the application keeps crashing. Please fix this ASAP.,TECHNICAL,HIGH
"No rush, but do you offer gift cards.",OTHER,LOW
Could someone assist - the package is missing items. Please advise.,DELIVERY,MEDIUM
"Whenever you get a chance, what are your business hours. Whenever convenient.",OTHER,LOW
This is really frustrating - my delivery #26483 shows delivered but I never received it. This is affecting my work.,DELIVERY,HIGH
None of the buttons on the app are responding. Let me know.,TECHNICAL,MEDIUM
Could someone assist - my subscription is linked to the wrong dashboard.,ACCOUNT,MEDIUM
This is really frustrating - my order arrived damaged. This is affecting my work.,DELIVERY,HIGH
The page is not loading. Can someone help?,TECHNICAL,MEDIUM
"Whenever you get a chance, what are your business hours.",OTHER,LOW
Please help immediately - my payment is stuck processing for two weeks. Please fix this ASAP.,PAYMENT,HIGH
"Just wondering, when will I receive my refund.",REFUND,LOW
Please help immediately - payPal payment did not go through. This is affecting my work.,PAYMENT,HIGH
I'm seeing a blank screen instead of the dashboard. Let me know.,TECHNICAL,MEDIUM
This is an emergency - my order #99166 shows delivered but I never received it. This is completely unacceptable and needs fixing NOW.,DELIVERY,CRITICAL
This is really frustrating - the application keeps crashing. This is affecting my work.,TECHNICAL,HIGH
This is urgent - my order has not been delivered. Please fix this ASAP.,DELIVERY,HIGH
This needs to be resolved right now - my data disappeared after the update. I demand an immediate resolution.,TECHNICAL,CRITICAL
"No rush, but i have a general question. No hurry.",OTHER,LOW
This is urgent - the checkout page keeps rejecting my card. I need a resolution today.,PAYMENT,HIGH
Could someone assist - the page is not loading. Let me know.,TECHNICAL,MEDIUM
Quick question - i want to unsubscribe from marketing emails. No hurry.,OTHER,LOW
This needs to be resolved right now - someone else logged into my membership. I demand an immediate resolution.,ACCOUNT,CRITICAL
"No rush, but i want to switch my payment method to a different card. No hurry.",PAYMENT,LOW
I need this fixed soon - please help me recover my old profile. Please fix this ASAP.,ACCOUNT,HIGH
This is urgent - someone else logged into my account. Please fix this ASAP.,ACCOUNT,HIGH
I am extremely upset - i need a refund because the parcel never arrived. This is completely unacceptable and needs fixing NOW.,REFUND,CRITICAL
This is urgent - my refund was sent to the wrong card. I need a resolution today.,REFUND,HIGH
Could someone assist - the platform logged me out randomly. Let me know.,TECHNICAL,MEDIUM
Could someone assist - i forgot my password for my account. Let me know.,ACCOUNT,MEDIUM
This is an emergency - my data disappeared after the update. This is completely unacceptable and needs fixing NOW.,TECHNICAL,CRITICAL
Could someone assist - my invoice shows an incorrect total.,PAYMENT,MEDIUM
"Just wondering, can I get a refund instead of store credit. No hurry.",REFUND,LOW
This is an emergency - i keep getting null pointer exception when I try to log in. I want this escalated immediately.,TECHNICAL,CRITICAL
I'm having trouble - payment is not going through. Can someone help?,PAYMENT,MEDIUM
This is regarding a partnership inquiry.,OTHER,LOW
This is an emergency - i was charged $430 but my order was cancelled. I demand an immediate resolution.,PAYMENT,CRITICAL
Could someone assist - i returned my item but haven't been refunded. Can someone help?,REFUND,MEDIUM
I am getting an error on the website. This is affecting my work.,TECHNICAL,HIGH
Payment is not going through. Can someone help?,PAYMENT,MEDIUM
Could someone assist - my shipment arrived damaged.,DELIVERY,MEDIUM
I need help - the delivery driver couldn't find my address.,DELIVERY,MEDIUM
"Whenever you get a chance, can you help me.",OTHER,LOW
Quick question - i want to merge two accounts. Whenever convenient.,ACCOUNT,LOW
Quick question - can you expedite my parcel. No hurry.,DELIVERY,LOW
My subscription is linked to the wrong login. Please advise.,ACCOUNT,MEDIUM
URGENT - my refund of $89.00 still hasn't shown up after a week. I want this escalated immediately.,REFUND,CRITICAL
I need this fixed soon - my package #70142 shows delivered but I never received it.,DELIVERY,HIGH
My payment failed.,PAYMENT,MEDIUM
Could someone assist - how do I request a refund.,REFUND,MEDIUM
I'm having trouble - i'm not sure who to contact about this. Let me know.,OTHER,MEDIUM
URGENT - refund shows processed but I don't see it in my bank.,REFUND,CRITICAL
This is really frustrating - can I speak to a manager. I need a resolution today.,OTHER,HIGH
"No rush, but i need to reschedule my delivery. Whenever convenient.",DELIVERY,LOW
Could someone assist - i need to reset my password. Please advise.,ACCOUNT,MEDIUM
"Just wondering, there's a bug in the latest update. Thanks.",TECHNICAL,LOW
Please help immediately - someone else logged into my profile.,ACCOUNT,HIGH
This needs to be resolved right now - the website is completely down.,TECHNICAL,CRITICAL
My refund of $12.50 still hasn't shown up after 2 days. I need a resolution today.,REFUND,HIGH
Could someone assist - i'm not sure who to contact about this. Let me know.,OTHER,MEDIUM
This is really frustrating - i keep getting 403 when I try to log in. This is affecting my work.,TECHNICAL,HIGH
My refund of $250 still hasn't shown up after 3 days. Please fix this ASAP.,REFUND,HIGH
"Just wondering, can I get a refund instead of store credit. Thanks.",REFUND,LOW
I'm having trouble - my delivery has been sitting at the warehouse for several days. Let me know.,DELIVERY,MEDIUM
This is unacceptable - i was charged $49.99 but my order was cancelled. This is completely unacceptable and needs fixing NOW.,PAYMENT,CRITICAL
"Whenever you get a chance, how long does a refund usually take. Whenever convenient.",REFUND,LOW
I am extremely upset - i see an unauthorized charge of $250 on my account. This is completely unacceptable and needs fixing NOW.,PAYMENT,CRITICAL
This is urgent - my refund request was denied and I don't understand why. This is affecting my work.,REFUND,HIGH
My payment failed. Let me know.,PAYMENT,MEDIUM
Could someone assist - my subscription is linked to the wrong membership. Let me know.,ACCOUNT,MEDIUM
I'm having trouble - i'm stuck on a loading screen. Let me know.,TECHNICAL,MEDIUM
Could someone assist - none of the buttons on the portal are responding. Can someone help?,TECHNICAL,MEDIUM
This is urgent - i was only refunded part of the amount. I need a resolution today.,REFUND,HIGH
Could someone assist - the discount code did not apply at checkout. Can someone help?,PAYMENT,MEDIUM
I need help - my subscription is linked to the wrong dashboard. Let me know.,ACCOUNT,MEDIUM
I need this fixed soon - my order has not been delivered. This is affecting my work.,DELIVERY,HIGH
Please help immediately - my card was declined.,PAYMENT,HIGH
"Whenever you get a chance, can you refund my subscription for this month.",REFUND,LOW
"Whenever you get a chance, i need to reschedule my delivery. Thanks.",DELIVERY,LOW
"No rush, but the app is very slow.",TECHNICAL,LOW
I need help - my delivery is delayed. Please advise.,DELIVERY,MEDIUM
My login is locked. Please fix this ASAP.,ACCOUNT,HIGH
Quick question - how can I change my account email. Thanks.,ACCOUNT,LOW
Quick question - i have a general question. Whenever convenient.,OTHER,LOW
This is an emergency - i was charged $15.75 but my order was cancelled. I demand an immediate resolution.,PAYMENT,CRITICAL
I'm having trouble - i never received the verification code. Can someone help?,ACCOUNT,MEDIUM
I need help with something.,OTHER,MEDIUM
Someone else logged into my user account.,ACCOUNT,HIGH
I need help - the transaction failed at checkout. Let me know.,PAYMENT,MEDIUM
I need to update my payment method. No hurry.,PAYMENT,LOW
Quick question - i want to switch my payment method to a different card.,PAYMENT,LOW
Quick question - do you ship internationally. Whenever convenient.,OTHER,LOW
I need assistance.,OTHER,LOW
"Whenever you get a chance, can I get a copy of my receipt. Whenever convenient.",PAYMENT,LOW
URGENT - i see an unauthorized charge of $5.99 on my account. I demand an immediate resolution.,PAYMENT,CRITICAL
Do you ship internationally. No hurry.,OTHER,LOW
"Whenever you get a chance, i'm not sure who to contact about this.",OTHER,LOW
I am extremely upset - i keep getting 502 when I try to log in. I demand an immediate resolution.,TECHNICAL,CRITICAL
"No rush, but when will I receive my refund. No hurry.",REFUND,LOW
I need this fixed soon - the platform froze and I lost all my work. This is affecting my work.,TECHNICAL,HIGH
I need this fixed soon - my delivery was left at the wrong address. Please fix this ASAP.,DELIVERY,HIGH
Could someone assist - i need assistance. Can someone help?,OTHER,MEDIUM
URGENT - i was charged $15.75 but my order was cancelled. This is completely unacceptable and needs fixing NOW.,PAYMENT,CRITICAL
This is really frustrating - the checkout page keeps rejecting my card.,PAYMENT,HIGH
I need help - i can't verify my email address. Please advise.,ACCOUNT,MEDIUM
"Just wondering, this is regarding a partnership inquiry. Thanks.",OTHER,LOW
I'm having trouble - i returned my item but haven't been refunded. Please advise.,REFUND,MEDIUM
I need assistance. Whenever convenient.,OTHER,LOW
Please help immediately - the package is missing items. This is affecting my work.,DELIVERY,HIGH
The wrong amount was charged to my card. I need a resolution today.,PAYMENT,HIGH
Could someone assist - can I speak to a manager. Can someone help?,OTHER,MEDIUM
Please help immediately - i want to dispute a charge and request a refund. Please fix this ASAP.,REFUND,HIGH
This is an emergency - i see an unauthorized charge of $5.99 on my account. This is completely unacceptable and needs fixing NOW.,PAYMENT,CRITICAL
This is urgent - my parcel has been sitting at the warehouse for a week. I need a resolution today.,DELIVERY,HIGH
My delivery has been sitting at the warehouse for 5 days. Please fix this ASAP.,DELIVERY,HIGH
The order has not arrived yet.,DELIVERY,HIGH
I need to update my payment method. Thanks.,PAYMENT,LOW
This is urgent - i was charged $12.50 but my order was cancelled. Please fix this ASAP.,PAYMENT,HIGH
I need this fixed soon - my refund request was denied and I don't understand why.,REFUND,HIGH
Please help immediately - my refund request was denied and I don't understand why. I need a resolution today.,REFUND,HIGH
I'm not sure who to contact about this. Whenever convenient.,OTHER,LOW
This is an emergency - i think my account was hacked. I want this escalated immediately.,ACCOUNT,CRITICAL
"I need help - i returned the wrong item by mistake, can I still get a refund.",REFUND,MEDIUM
This is urgent - the order has not arrived yet. I need a resolution today.,DELIVERY,HIGH
This needs to be resolved right now - my order #48469 shows delivered but I never received it.,DELIVERY,CRITICAL
"Just wondering, how do I delete my login. Whenever convenient.",ACCOUNT,LOW
I'm having trouble - i keep getting logged out of my membership.,ACCOUNT,MEDIUM
I'm having trouble - the tracking hasn't updated in 3 days. Can someone help?,DELIVERY,MEDIUM
This is urgent - my delivery is delayed. I need a resolution today.,DELIVERY,HIGH
Could someone assist - the discount code did not apply at checkout. Let me know.,PAYMENT,MEDIUM
Please help immediately - i have not received my refund. Please fix this ASAP.,REFUND,HIGH
Could someone assist - i'm not sure who to contact about this. Please advise.,OTHER,MEDIUM
The transaction failed at checkout. This is affecting my work.,PAYMENT,HIGH
This is urgent - can I speak to a manager. This is affecting my work.,OTHER,HIGH
I'm having trouble - can I get a refund instead of store credit. Let me know.,REFUND,MEDIUM
This is really frustrating - my data disappeared after the update.,TECHNICAL,HIGH
I need this fixed soon - my parcel was left at the wrong address. Please fix this ASAP.,DELIVERY,HIGH
I need help - the courier never showed up. Please advise.,DELIVERY,MEDIUM
Could someone assist - my delivery is delayed.,DELIVERY,MEDIUM
"Just wondering, how do I delete my dashboard. No hurry.",ACCOUNT,LOW
I need this fixed soon - i was only refunded part of the amount. This is affecting my work.,REFUND,HIGH
I need help - my order has not been delivered. Let me know.,DELIVERY,MEDIUM
This is unacceptable - the application keeps crashing. I demand an immediate resolution.,TECHNICAL,CRITICAL
Please help immediately - refund shows processed but I don't see it in my bank. This is affecting my work.,REFUND,HIGH
This is really frustrating - i'm stuck on a loading screen.,TECHNICAL,HIGH
"Whenever you get a chance, the app is very slow.",TECHNICAL,LOW
"Just wondering, what are your business hours. No hurry.",OTHER,LOW
I'm having trouble - i need to reset my password.,ACCOUNT,MEDIUM
Quick question - how long does a refund usually take. Thanks.,REFUND,LOW
Quick question - do you ship internationally. Thanks.,OTHER,LOW
"Whenever you get a chance, can I get a refund instead of store credit. Whenever convenient.",REFUND,LOW
PayPal payment did not go through. Let me know.,PAYMENT,MEDIUM
I'm having trouble - i was charged a restocking fee I wasn't told about. Can someone help?,REFUND,MEDIUM
This is an emergency - i was charged twice for the same order.,PAYMENT,CRITICAL
"Whenever you get a chance, my login shows the wrong information. No hurry.",ACCOUNT,LOW
URGENT - i want to dispute a charge and request a refund. I want this escalated immediately.,REFUND,CRITICAL
I cannot access my user account. Please fix this ASAP.,ACCOUNT,HIGH
I need this fixed soon - the order has not arrived yet. I need a resolution today.,DELIVERY,HIGH
"Just wondering, how do I request a refund. Thanks.",REFUND,LOW
This is really frustrating - my subscription renewed but I cancelled it last month. I need a resolution today.,PAYMENT,HIGH
The package is missing items. This is affecting my work.,DELIVERY,HIGH
The order has not arrived yet. This is affecting my work.,DELIVERY,HIGH
Quick question - i have a general question.,OTHER,LOW
I need this fixed soon - my membership is locked. I need a resolution today.,ACCOUNT,HIGH
I need help - i need help with something. Please advise.,OTHER,MEDIUM
I need help - my shipment arrived damaged.,DELIVERY,MEDIUM
I'm having trouble - my delivery is delayed. Can someone help?,DELIVERY,MEDIUM
I need this fixed soon - someone else logged into my account.,ACCOUNT,HIGH
I'm having trouble - i forgot my password for my profile. Please advise.,ACCOUNT,MEDIUM
I'm having trouble - i returned my item but haven't been refunded. Can someone help?,REFUND,MEDIUM
Refund shows processed but I don't see it in my bank. I need a resolution today.,REFUND,HIGH
This is really frustrating - payment is not going through.,PAYMENT,HIGH
This is urgent - i received the wrong item in my order. Please fix this ASAP.,DELIVERY,HIGH
Please help immediately - my refund of $430 still hasn't shown up after 10 days. This is affecting my work.,REFUND,HIGH
"Just wondering, the notifications are not working.",TECHNICAL,LOW
What are your business hours. Thanks.,OTHER,LOW
I need help - i was only refunded part of the amount.,REFUND,MEDIUM
Please help immediately - i was charged twice for the same order.,PAYMENT,HIGH
"Just wondering, can I get a copy of my receipt. Whenever convenient.",PAYMENT,LOW
"Whenever you get a chance, i have a general question.",OTHER,LOW
I need help - my payment is stuck processing for 5 days. Let me know.,PAYMENT,MEDIUM
"Whenever you get a chance, i want to merge two accounts. Whenever convenient.",ACCOUNT,LOW
This is unacceptable - i think my account was hacked. This is completely unacceptable and needs fixing NOW.,ACCOUNT,CRITICAL
The package is missing items. Can someone help?,DELIVERY,MEDIUM
"No rush, but i forgot my password for my login. Whenever convenient.",ACCOUNT,LOW
The platform is not compatible with my Android phone. Please advise.,TECHNICAL,MEDIUM
I'm having trouble - my shipment is stuck in customs.,DELIVERY,MEDIUM
I need help - my membership shows the wrong information. Let me know.,ACCOUNT,MEDIUM
Could someone assist - my parcel is stuck in customs. Can someone help?,DELIVERY,MEDIUM
Could someone assist - i want to file a complaint.,OTHER,MEDIUM
This is urgent - my delivery is stuck in customs. Please fix this ASAP.,DELIVERY,HIGH
This is urgent - my membership is locked. Please fix this ASAP.,ACCOUNT,HIGH
Could someone assist - the transaction failed at checkout. Let me know.,PAYMENT,MEDIUM
"No rush, but images are not loading on the website. Whenever convenient.",TECHNICAL,LOW
Could someone assist - can I change my delivery address. Can someone help?,DELIVERY,MEDIUM
I can't update my billing address on my membership. Can someone help?,ACCOUNT,MEDIUM
"No rush, but do you offer gift cards. Whenever convenient.",OTHER,LOW
Could someone assist - my dashboard shows the wrong information. Let me know.,ACCOUNT,MEDIUM
I need to reset my password.,ACCOUNT,MEDIUM
Could someone assist - the page is not loading. Can someone help?,TECHNICAL,MEDIUM
Please help me recover my old user account. Please advise.,ACCOUNT,MEDIUM
This is really frustrating - i need a refund because the package never arrived. I need a resolution today.,REFUND,HIGH
"No rush, but i need to change the delivery date for #23947. Whenever convenient.",DELIVERY,LOW
This is urgent - my card was declined.,PAYMENT,HIGH
This needs to be resolved right now - refund shows processed but I don't see it in my bank. I demand an immediate resolution.,REFUND,CRITICAL
Can I speak to a manager.,OTHER,MEDIUM
This needs to be resolved right now - i see an unauthorized charge of $89.00 on my account. I want this escalated immediately.,PAYMENT,CRITICAL
I'm having trouble - i can't update my billing address on my user account.,ACCOUNT,MEDIUM
Please help immediately - my shipment arrived damaged.,DELIVERY,HIGH
I need this fixed soon - my card was declined.,PAYMENT,HIGH
Please help immediately - i want to dispute a charge and request a refund. This is affecting my work.,REFUND,HIGH
My refund request was denied and I don't understand why. Please fix this ASAP.,REFUND,HIGH
"No rush, but is there a student discount available. Thanks.",OTHER,LOW
I cannot log into my login.,ACCOUNT,HIGH
I need this fixed soon - the app froze and I lost all my work. Please fix this ASAP.,TECHNICAL,HIGH
I'm having trouble - i have an issue with my order. Can someone help?,OTHER,MEDIUM
"No rush, but where is my package. No hurry.",DELIVERY,LOW
My delivery is delayed.,DELIVERY,MEDIUM
I need help - can I change my delivery address. Please advise.,DELIVERY,MEDIUM
I need this fixed soon - i was charged twice for the same order. Please fix this ASAP.,PAYMENT,HIGH
I am extremely upset - my data disappeared after the update.,TECHNICAL,CRITICAL
Images are not loading on the app. Please advise.,TECHNICAL,MEDIUM
Someone else logged into my login. Please fix this ASAP.,ACCOUNT,HIGH
I need help - i keep getting logged out of my profile. Let me know.,ACCOUNT,MEDIUM
"Just wondering, i need assistance.",OTHER,LOW
This needs to be resolved right now - the website is completely down. This is completely unacceptable and needs fixing NOW.,TECHNICAL,CRITICAL
I'm having trouble - i forgot my password for my user account. Please advise.,ACCOUNT,MEDIUM
"No rush, but i want to switch my payment method to a different card. Whenever convenient.",PAYMENT,LOW
I need this fixed soon - my package #70142 shows delivered but I never received it. I need a resolution today.,DELIVERY,HIGH
I need this fixed soon - i have not received my refund. I need a resolution today.,REFUND,HIGH
When will I receive my refund. No hurry.,REFUND,LOW
Can you expedite my parcel. No hurry.,DELIVERY,LOW
I need help - i can't update my billing address on my login. Please advise.,ACCOUNT,MEDIUM
I'm having trouble - i need assistance. Let me know.,OTHER,MEDIUM
I need this fixed soon - payPal payment did not go through.,PAYMENT,HIGH
"Whenever you get a chance, i'd like to give some feedback about your service.",OTHER,LOW
I have a question about your privacy policy. Thanks.,OTHER,LOW
I need help - my payment is stuck processing for 10 days.,PAYMENT,MEDIUM
I can't update my billing address on my login. Let me know.,ACCOUNT,MEDIUM
I can't verify my email address.,ACCOUNT,MEDIUM
This is an emergency - my data disappeared after the update.,TECHNICAL,CRITICAL
I need help - when will I receive my refund. Let me know.,REFUND,MEDIUM
I have a suggestion for a new feature. No hurry.,OTHER,LOW
Could someone assist - the order has not arrived yet. Let me know.,DELIVERY,MEDIUM
"Just wondering, i'm not sure who to contact about this.",OTHER,LOW
I need help - my order has not been delivered. Can someone help?,DELIVERY,MEDIUM
"Whenever you get a chance, i want to track my shipment. Whenever convenient.",DELIVERY,LOW
This is urgent - i keep getting timeout error when I try to log in. I need a resolution today.,TECHNICAL,HIGH
I forgot my password for my dashboard. Can someone help?,ACCOUNT,MEDIUM
I need this fixed soon - i was charged twice for the same order. I need a resolution today.,PAYMENT,HIGH
Please help immediately - i was billed in the wrong currency. This is affecting my work.,PAYMENT,HIGH
I need this fixed soon - the app crashes every time I open it on my tablet. This is affecting my work.,TECHNICAL,HIGH
This needs to be resolved right now - someone else logged into my login.,ACCOUNT,CRITICAL
URGENT - i see an unauthorized charge of $199 on my account. This is completely unacceptable and needs fixing NOW.,PAYMENT,CRITICAL
This is really frustrating - i can't upload files on the mobile app. I need a resolution today.,TECHNICAL,HIGH
Could someone assist - the app is not compatible with my iPhone. Please advise.,TECHNICAL,MEDIUM
I need help - i need help with something. Let me know.,OTHER,MEDIUM
I need this fixed soon - i received the wrong item in my delivery. I need a resolution today.,DELIVERY,HIGH
I need help - i only received part of my order. Let me know.,DELIVERY,MEDIUM
I need this fixed soon - refund shows processed but I don't see it in my bank. Please fix this ASAP.,REFUND,HIGH
I need help - i need to reset my password. Please advise.,ACCOUNT,MEDIUM
How do I request a refund.,REFUND,LOW
I need this fixed soon - i keep getting logged out of my login. This is affecting my work.,ACCOUNT,HIGH
This is urgent - i can't upload files on the mobile app. Please fix this ASAP.,TECHNICAL,HIGH
"This is unacceptable - i see an unauthorized charge of $1,200 on my account. I want this escalated immediately.",PAYMENT,CRITICAL
Quick question - i have a suggestion for a new feature.,OTHER,LOW
I need this fixed soon - i'm being charged a fee I don't recognize. This is affecting my work.,PAYMENT,HIGH
"Just wondering, images are not loading on the platform.",TECHNICAL,LOW
I need assistance. Thanks.,OTHER,LOW
Quick question - can you expedite my shipment. Whenever convenient.,DELIVERY,LOW
This is really frustrating - the app crashes every time I open it on my laptop. I need a resolution today.,TECHNICAL,HIGH
This is urgent - my subscription renewed but I cancelled it last month.,PAYMENT,HIGH
I'm having trouble - i cannot access my dashboard. Let me know.,ACCOUNT,MEDIUM
"No rush, but i have a general question. Thanks.",OTHER,LOW
This is urgent - i am getting an error on the website. Please fix this ASAP.,TECHNICAL,HIGH
I'm having trouble - the platform logged me out randomly. Can someone help?,TECHNICAL,MEDIUM
This is urgent - i returned my item but haven't been refunded.,REFUND,HIGH
This is urgent - the checkout page keeps rejecting my card. Please fix this ASAP.,PAYMENT,HIGH
I'm having trouble - the website logged me out randomly. Let me know.,TECHNICAL,MEDIUM
"No rush, but this is regarding a partnership inquiry. Whenever convenient.",OTHER,LOW
"Whenever you get a chance, i need to update my payment method.",PAYMENT,LOW
Quick question - do you offer gift cards.,OTHER,LOW
Could someone assist - i'm stuck on a loading screen.,TECHNICAL,MEDIUM
"Whenever you get a chance, i forgot my password for my user account.",ACCOUNT,LOW
I need help - images are not loading on the system.,TECHNICAL,MEDIUM
"Whenever you get a chance, i need to update my payment method. Whenever convenient.",PAYMENT,LOW
This is unacceptable - i see an unauthorized charge of $430 on my account. I demand an immediate resolution.,PAYMENT,CRITICAL
"Whenever you get a chance, what are your business hours. No hurry.",OTHER,LOW
I am extremely upset - i think my account was hacked. I want this escalated immediately.,ACCOUNT,CRITICAL
I can't upload files on the app. This is affecting my work.,TECHNICAL,HIGH
Quick question - can I get a refund instead of store credit. No hurry.,REFUND,LOW
Quick question - how do I contact a human representative. No hurry.,OTHER,LOW
How long does a refund usually take. Whenever convenient.,REFUND,LOW
I need a refund because the package never arrived. I need a resolution today.,REFUND,HIGH
"No rush, but do you ship internationally. Whenever convenient.",OTHER,LOW
My package was left at the wrong address. Please fix this ASAP.,DELIVERY,HIGH
I'm having trouble - my invoice shows an incorrect total. Please advise.,PAYMENT,MEDIUM
The app is very slow.,TECHNICAL,MEDIUM
"Just wondering, where is my package. Whenever convenient.",DELIVERY,LOW
This is urgent - i received the wrong item in my delivery. This is affecting my work.,DELIVERY,HIGH
Please help immediately - i am getting an error on the website.,TECHNICAL,HIGH
I was charged twice for the same order.,PAYMENT,HIGH
Could someone assist - the platform is not compatible with my Safari browser. Please advise.,TECHNICAL,MEDIUM
Please help immediately - please help me recover my old user account. Please fix this ASAP.,ACCOUNT,HIGH
"No rush, but i have a question about your privacy policy.",OTHER,LOW
I'm having trouble - i keep getting logged out of my user account.,ACCOUNT,MEDIUM
Could someone assist - i have an issue with my order.,OTHER,MEDIUM
Please help me recover my old dashboard. Let me know.,ACCOUNT,MEDIUM
I need this fixed soon - the transaction failed at checkout. I need a resolution today.,PAYMENT,HIGH
I need this fixed soon - my dashboard was suspended without warning. I need a resolution today.,ACCOUNT,HIGH
My order has been sitting at the warehouse for 10 days.,DELIVERY,HIGH
I need this fixed soon - i only received part of my delivery. Please fix this ASAP.,DELIVERY,HIGH
"Whenever you get a chance, this is regarding a partnership inquiry.",OTHER,LOW
I have a question about your privacy policy.,OTHER,LOW
URGENT - my login is locked. I want this escalated immediately.,ACCOUNT,CRITICAL
Quick question - i want to merge two accounts. Thanks.,ACCOUNT,LOW
I'm having trouble - the search feature is broken. Can someone help?,TECHNICAL,MEDIUM
Please help immediately - i have not received my refund.,REFUND,HIGH
Could someone assist - how do I contact a human representative. Let me know.,OTHER,MEDIUM
This needs to be resolved right now - the application keeps crashing. This is completely unacceptable and needs fixing NOW.,TECHNICAL,CRITICAL
I need this fixed soon - my delivery is stuck in customs.,DELIVERY,HIGH
This is urgent - i was only refunded part of the amount. This is affecting my work.,REFUND,HIGH
I need help - my subscription is linked to the wrong user account. Please advise.,ACCOUNT,MEDIUM
Quick question - do you have a loyalty program. No hurry.,OTHER,LOW
This is an emergency - i need a refund because the shipment never arrived.,REFUND,CRITICAL
"No rush, but i need assistance.",OTHER,LOW
The refund policy is unclear to me.,REFUND,LOW
I'm having trouble - the tracking hasn't updated in two weeks. Can someone help?,DELIVERY,MEDIUM
I need help - how do I request a refund.,REFUND,MEDIUM
"Whenever you get a chance, do you offer gift cards. Thanks.",OTHER,LOW
I'm having trouble - my payment failed. Can someone help?,PAYMENT,MEDIUM
This is really frustrating - i was charged a restocking fee I wasn't told about. This is affecting my work.,REFUND,HIGH
I need help - i was charged a restocking fee I wasn't told about. Let me know.,REFUND,MEDIUM
I'm having trouble - i am getting an error on the website. Let me know.,TECHNICAL,MEDIUM
URGENT - the app crashes every time I open it on my desktop.,TECHNICAL,CRITICAL
This is really frustrating - my refund of $250 still hasn't shown up after several days. Please fix this ASAP.,REFUND,HIGH
I'm having trouble - the search feature is broken. Please advise.,TECHNICAL,MEDIUM
Could someone assist - the app is very slow. Please advise.,TECHNICAL,MEDIUM
Could someone assist - i want to cancel my order and get a refund. Can someone help?,REFUND,MEDIUM
The app is not compatible with my iPhone. Can someone help?,TECHNICAL,MEDIUM
I can't update my billing address on my login. Please advise.,ACCOUNT,MEDIUM
I'm having trouble - my order arrived damaged. Can someone help?,DELIVERY,MEDIUM
This is really frustrating - the API keeps returning timeout error. This is affecting my work.,TECHNICAL,HIGH
"Just wondering, i want to track my shipment. Whenever convenient.",DELIVERY,LOW
"No rush, but i'd like to give some feedback about your service. No hurry.",OTHER,LOW
None of the buttons on the platform are responding. Please fix this ASAP.,TECHNICAL,HIGH
"Whenever you get a chance, i need information about your terms of service.",OTHER,LOW
I need help - please help me recover my old user account. Let me know.,ACCOUNT,MEDIUM
I need this fixed soon - my user account was suspended without warning.,ACCOUNT,HIGH
Could someone assist - can I speak to a manager. Let me know.,OTHER,MEDIUM
I need this fixed soon - the wrong amount was charged to my card.,PAYMENT,HIGH
This is urgent - the order has not arrived yet.,DELIVERY,HIGH
This is urgent - i'm being charged a fee I don't recognize. I need a resolution today.,PAYMENT,HIGH
Can I get a refund instead of store credit. Please advise.,REFUND,MEDIUM
This is really frustrating - refund shows processed but I don't see it in my bank. Please fix this ASAP.,REFUND,HIGH
"Whenever you get a chance, i'd like to give some feedback about your service. Thanks.",OTHER,LOW
I'm seeing a blank screen instead of the dashboard.,TECHNICAL,HIGH
"Whenever you get a chance, i need to change the delivery date for #17331. Thanks.",DELIVERY,LOW
Can you expedite my parcel. Let me know.,DELIVERY,MEDIUM
"Just wondering, how do I contact a human representative. No hurry.",OTHER,LOW
"No rush, but the notifications are not working. Thanks.",TECHNICAL,LOW
This is really frustrating - i am getting an error on the website. Please fix this ASAP.,TECHNICAL,HIGH
Could someone assist - i need help with something. Let me know.,OTHER,MEDIUM
This is really frustrating - the wrong amount was charged to my card.,PAYMENT,HIGH
Please help immediately - the system froze and I lost all my work. This is affecting my work.,TECHNICAL,HIGH
Please help immediately - i cannot access my account.,ACCOUNT,HIGH
I was charged $12.50 but my order was cancelled. Please fix this ASAP.,PAYMENT,HIGH
Could someone assist - i cannot log into my account. Please advise.,ACCOUNT,MEDIUM
This is an emergency - my user account was suspended without warning. This is completely unacceptable and needs fixing NOW.,ACCOUNT,CRITICAL
I am extremely upset - my user account was suspended without warning. I demand an immediate resolution.,ACCOUNT,CRITICAL
I need help - my payment is stuck processing for 2 days. Please advise.,PAYMENT,MEDIUM
I'm having trouble - the delivery driver couldn't find my address. Let me know.,DELIVERY,MEDIUM
I am extremely upset - i want to dispute a charge and request a refund.,REFUND,CRITICAL
I need this fixed soon - i'm seeing a blank screen instead of the dashboard. I need a resolution today.,TECHNICAL,HIGH
I need this fixed soon - i am getting an error on the website. I need a resolution today.,TECHNICAL,HIGH
This is unacceptable - i need a refund because the delivery never arrived. This is completely unacceptable and needs fixing NOW.,REFUND,CRITICAL
I'm having trouble - i'm stuck on a loading screen. Can someone help?,TECHNICAL,MEDIUM
How do I contact a human representative. No hurry.,OTHER,LOW
Please help immediately - the application keeps crashing. This is affecting my work.,TECHNICAL,HIGH
I need help - the checkout page keeps rejecting my card. Let me know.,PAYMENT,MEDIUM
This is urgent - my order has not been delivered. This is affecting my work.,DELIVERY,HIGH
I'm having trouble - i only received part of my shipment. Let me know.,DELIVERY,MEDIUM
Could someone assist - please help me recover my old membership. Please advise.,ACCOUNT,MEDIUM
"Just wondering, where is my package. No hurry.",DELIVERY,LOW
I need help - the app is not compatible with my Safari browser. Can someone help?,TECHNICAL,MEDIUM
"Whenever you get a chance, can you refund my subscription for this month. Whenever convenient.",REFUND,LOW
This is urgent - i was charged $12.50 but my order was cancelled.,PAYMENT,HIGH
I'm having trouble - i forgot my password for my profile. Can someone help?,ACCOUNT,MEDIUM
"This is unacceptable - i see an unauthorized charge of $1,200 on my account. I demand an immediate resolution.",PAYMENT,CRITICAL
Please help immediately - my subscription renewed but I cancelled it last month.,PAYMENT,HIGH
I need this fixed soon - i was charged $250 but my order was cancelled. This is affecting my work.,PAYMENT,HIGH
I need help - i keep getting logged out of my user account. Please advise.,ACCOUNT,MEDIUM
This is really frustrating - i'm stuck on a loading screen. Please fix this ASAP.,TECHNICAL,HIGH
The application keeps crashing.,TECHNICAL,HIGH
I'm having trouble - my order is stuck in customs. Please advise.,DELIVERY,MEDIUM
"No rush, but how long does a refund usually take. No hurry.",REFUND,LOW
Quick question - my account shows the wrong information. No hurry.,ACCOUNT,LOW
I have a suggestion for a new feature. Whenever convenient.,OTHER,LOW
Quick question - i need to reschedule my delivery. No hurry.,DELIVERY,LOW
"Just wondering, my dashboard shows the wrong information. Thanks.",ACCOUNT,LOW
I am extremely upset - i was charged $15.75 but my order was cancelled. I want this escalated immediately.,PAYMENT,CRITICAL
The tracking hasn't updated in two weeks.,DELIVERY,HIGH
I need help - my membership shows the wrong information. Please advise.,ACCOUNT,MEDIUM
This is urgent - i'm being charged a fee I don't recognize. This is affecting my work.,PAYMENT,HIGH
Could someone assist - the checkout page keeps rejecting my card. Please advise.,PAYMENT,MEDIUM
Please help immediately - my shipment arrived damaged. Please fix this ASAP.,DELIVERY,HIGH
I want to unsubscribe from marketing emails.,OTHER,LOW
I need help - i cannot access my user account. Can someone help?,ACCOUNT,MEDIUM
I'm having trouble - the order has not arrived yet. Let me know.,DELIVERY,MEDIUM
Could someone assist - i can't update my billing address on my user account.,ACCOUNT,MEDIUM
I was charged a restocking fee I wasn't told about. Let me know.,REFUND,MEDIUM
Payment is not going through.,PAYMENT,MEDIUM
I received the wrong item in my order.,DELIVERY,MEDIUM
The system is not compatible with my desktop. Let me know.,TECHNICAL,MEDIUM
Quick question - i need information about your terms of service. Thanks.,OTHER,LOW
This needs to be resolved right now - the website is completely down. I demand an immediate resolution.,TECHNICAL,CRITICAL
"Whenever you get a chance, there's a bug in the latest update. Whenever convenient.",TECHNICAL,LOW
This needs to be resolved right now - refund shows processed but I don't see it in my bank. This is completely unacceptable and needs fixing NOW.,REFUND,CRITICAL
Please help immediately - my package was left at the wrong address. I need a resolution today.,DELIVERY,HIGH
I need help - i received the wrong item in my delivery. Let me know.,DELIVERY,MEDIUM
Quick question - this is regarding a partnership inquiry. Whenever convenient.,OTHER,LOW
Please help immediately - my subscription renewed but I cancelled it last month. I need a resolution today.,PAYMENT,HIGH
Could someone assist - how do I request a refund. Can someone help?,REFUND,MEDIUM
The API keeps returning null pointer exception. This is affecting my work.,TECHNICAL,HIGH
"Just wondering, i'd like to give some feedback about your service.",OTHER,LOW
I keep getting logged out of my membership. This is affecting my work.,ACCOUNT,HIGH
"No rush, but can you help me. No hurry.",OTHER,LOW
This is really frustrating - my order has not been delivered. I need a resolution today.,DELIVERY,HIGH
Quick question - i have a question about your privacy policy.,OTHER,LOW
Please help immediately - i keep getting 404 when I try to log in.,TECHNICAL,HIGH
Is there a student discount available. No hurry.,OTHER,LOW
"I need help - i returned the wrong item by mistake, can I still get a refund. Please advise.",REFUND,MEDIUM
I need help - i'm seeing a blank screen instead of the dashboard. Can someone help?,TECHNICAL,MEDIUM
I need help - my profile shows the wrong information.,ACCOUNT,MEDIUM
This is really frustrating - i have not received my refund. This is affecting my work.,REFUND,HIGH
Please help immediately - i keep getting logged out of my user account. Please fix this ASAP.,ACCOUNT,HIGH
Could someone assist - my invoice shows an incorrect total. Please advise.,PAYMENT,MEDIUM
This needs to be resolved right now - i think my account was hacked. I demand an immediate resolution.,ACCOUNT,CRITICAL
Please help immediately - the tracking hasn't updated in 10 days. I need a resolution today.,DELIVERY,HIGH
Quick question - can I get a copy of my receipt.,PAYMENT,LOW
"Whenever you get a chance, can you help me. Whenever convenient.",OTHER,LOW
"Just wondering, i have a question about your privacy policy.",OTHER,LOW
I need this fixed soon - i want a refund for my order.,REFUND,HIGH
I need this fixed soon - the application keeps crashing. I need a resolution today.,TECHNICAL,HIGH
I need this fixed soon - my refund request was denied and I don't understand why. This is affecting my work.,REFUND,HIGH
How do I request a refund. No hurry.,REFUND,LOW
I need help - the checkout page keeps rejecting my card. Please advise.,PAYMENT,MEDIUM
Could someone assist - my payment is stuck processing for two weeks. Please advise.,PAYMENT,MEDIUM
This needs to be resolved right now - i think my account was hacked.,ACCOUNT,CRITICAL
This is an emergency - i need a refund because the parcel never arrived.,REFUND,CRITICAL
This is unacceptable - the application keeps crashing.,TECHNICAL,CRITICAL
I need help - the search feature is broken. Can someone help?,TECHNICAL,MEDIUM
How do I contact a human representative. Thanks.,OTHER,LOW
This is urgent - i need a refund because the order never arrived. I need a resolution today.,REFUND,HIGH
"Whenever you get a chance, i forgot my password for my membership. No hurry.",ACCOUNT,LOW
Quick question - there's a bug in the latest update. Thanks.,TECHNICAL,LOW
Please help immediately - the wrong amount was charged to my card. I need a resolution today.,PAYMENT,HIGH
My shipment is stuck in customs. I need a resolution today.,DELIVERY,HIGH
"Whenever you get a chance, how can I change my account email.",ACCOUNT,LOW
"Whenever you get a chance, i want to switch my payment method to a different card. No hurry.",PAYMENT,LOW
I need help - the tracking hasn't updated in 2 days. Let me know.,DELIVERY,MEDIUM
I need this fixed soon - my subscription renewed but I cancelled it last month. This is affecting my work.,PAYMENT,HIGH
"Just wondering, what are your business hours.",OTHER,LOW
I need help - i was billed in the wrong currency. Please advise.,PAYMENT,MEDIUM
I need this fixed soon - payPal payment did not go through. This is affecting my work.,PAYMENT,HIGH
"Whenever you get a chance, images are not loading on the app. Whenever convenient.",TECHNICAL,LOW
This is an emergency - i see an unauthorized charge of $199 on my account.,PAYMENT,CRITICAL
This is an emergency - the application keeps crashing. This is completely unacceptable and needs fixing NOW.,TECHNICAL,CRITICAL
My subscription renewed but I cancelled it last month. This is affecting my work.,PAYMENT,HIGH
Can you help me. Thanks.,OTHER,LOW
"No rush, but i forgot my password for my account. No hurry.",ACCOUNT,LOW
"Whenever you get a chance, what are your business hours. Thanks.",OTHER,LOW
"No rush, but i want to update my username. Thanks.",ACCOUNT,LOW
Quick question - what are your business hours. Thanks.,OTHER,LOW
The package is missing items.,DELIVERY,MEDIUM
This is really frustrating - someone else logged into my login. Please fix this ASAP.,ACCOUNT,HIGH
Please help immediately - i can't upload files on the website. I need a resolution today.,TECHNICAL,HIGH
I need help - i forgot my password for my account.,ACCOUNT,MEDIUM
My subscription is linked to the wrong dashboard.,ACCOUNT,MEDIUM
Please help immediately - i want to file a complaint. I need a resolution today.,OTHER,HIGH
This is unacceptable - the app crashes every time I open it on my tablet.,TECHNICAL,CRITICAL
I'm having trouble - can you expedite my shipment.,DELIVERY,MEDIUM
This is really frustrating - the package is missing items. Please fix this ASAP.,DELIVERY,HIGH
Quick question - i have a suggestion for a new feature. Whenever convenient.,OTHER,LOW
"Whenever you get a chance, i need assistance.",OTHER,LOW
I'm having trouble - i want to cancel my order and get a refund. Please advise.,REFUND,MEDIUM
I need this fixed soon - the API keeps returning error code 9001. This is affecting my work.,TECHNICAL,HIGH
I'm having trouble - i can't update my billing address on my dashboard. Let me know.,ACCOUNT,MEDIUM
Do you ship internationally. Whenever convenient.,OTHER,LOW
I need help - i cannot access my membership. Please advise.,ACCOUNT,MEDIUM
The app crashes every time I open it on my Android phone.,TECHNICAL,HIGH
I need help - the app is not compatible with my laptop. Let me know.,TECHNICAL,MEDIUM
This is urgent - i was charged $430 but my order was cancelled. Please fix this ASAP.,PAYMENT,HIGH
I forgot my password for my login.,ACCOUNT,MEDIUM
This is urgent - i keep getting logged out of my user account.,ACCOUNT,HIGH
Could someone assist - my delivery is delayed. Let me know.,DELIVERY,MEDIUM
"Just wondering, i want to merge two accounts. No hurry.",ACCOUNT,LOW
Could someone assist - i cannot log into my profile. Can someone help?,ACCOUNT,MEDIUM
This is an emergency - the application keeps crashing. I want this escalated immediately.,TECHNICAL,CRITICAL
Could someone assist - i need to change the delivery date for #56566.,DELIVERY,MEDIUM
This is really frustrating - i want to cancel my order and get a refund. This is affecting my work.,REFUND,HIGH
I need help - i need help with something.,OTHER,MEDIUM
"Just wondering, there's a bug in the latest update. No hurry.",TECHNICAL,LOW
Please help immediately - my payment is stuck processing for several days. I need a resolution today.,PAYMENT,HIGH
Quick question - i want to unsubscribe from marketing emails. Whenever convenient.,OTHER,LOW
Could someone assist - can I change my delivery address. Please advise.,DELIVERY,MEDIUM
"Just wondering, i have a suggestion for a new feature. No hurry.",OTHER,LOW
I can't upload files on the website.,TECHNICAL,MEDIUM
"Just wondering, my user account shows the wrong information. Thanks.",ACCOUNT,LOW
My payment is stuck processing for 5 days. Please advise.,PAYMENT,MEDIUM
Quick question - i'm not sure who to contact about this. Whenever convenient.,OTHER,LOW
Where is my package.,DELIVERY,MEDIUM
Please help immediately - i cannot access my user account. I need a resolution today.,ACCOUNT,HIGH
"No rush, but i have a suggestion for a new feature.",OTHER,LOW
I need help - my subscription is linked to the wrong profile. Can someone help?,ACCOUNT,MEDIUM
I need assistance. Let me know.,OTHER,MEDIUM
This is really frustrating - i am getting an error on the website. I need a resolution today.,TECHNICAL,HIGH
I'd like to give some feedback about your service. Thanks.,OTHER,LOW
Please help immediately - i want to dispute a charge and request a refund.,REFUND,HIGH
I'm having trouble - i need to change the delivery date for #12552. Can someone help?,DELIVERY,MEDIUM
Please help immediately - my package is stuck in customs.,DELIVERY,HIGH
I returned my item but haven't been refunded. This is affecting my work.,REFUND,HIGH
"No rush, but i need help with something.",OTHER,LOW
I need help - my account shows the wrong information. Please advise.,ACCOUNT,MEDIUM
This is urgent - i keep getting error code 9001 when I try to log in. Please fix this ASAP.,TECHNICAL,HIGH
This is urgent - the portal froze and I lost all my work.,TECHNICAL,HIGH
Quick question - can I change my delivery address. Thanks.,DELIVERY,LOW
Quick question - how do I contact a human representative. Thanks.,OTHER,LOW
Could someone assist - i want to file a complaint. Let me know.,OTHER,MEDIUM
URGENT - my user account is locked. I want this escalated immediately.,ACCOUNT,CRITICAL
This is really frustrating - i was only refunded part of the amount. I need a resolution today.,REFUND,HIGH
The delivery driver couldn't find my address. Let me know.,DELIVERY,MEDIUM
Could someone assist - my saved card is not showing up anymore. Can someone help?,PAYMENT,MEDIUM
Could someone assist - the order has not arrived yet. Can someone help?,DELIVERY,MEDIUM
Payment is not going through. Please advise.,PAYMENT,MEDIUM
I'm having trouble - i need assistance. Please advise.,OTHER,MEDIUM
I need help - my payment is stuck processing for two weeks. Please advise.,PAYMENT,MEDIUM
The tracking hasn't updated in 5 days. Let me know.,DELIVERY,MEDIUM
My invoice shows an incorrect total. Let me know.,PAYMENT,MEDIUM
I need this fixed soon - the wrong amount was charged to my card. I need a resolution today.,PAYMENT,HIGH
I need help with something. No hurry.,OTHER,LOW
Please help immediately - the portal froze and I lost all my work.,TECHNICAL,HIGH
Images are not loading on the platform. No hurry.,TECHNICAL,LOW
This needs to be resolved right now - my subscription renewed but I cancelled it last month.,PAYMENT,CRITICAL
URGENT - my account was suspended without warning. I want this escalated immediately.,ACCOUNT,CRITICAL
Please help immediately - i was charged $199 but my order was cancelled. This is affecting my work.,PAYMENT,HIGH
"No rush, but how do I contact a human representative. Thanks.",OTHER,LOW
This is really frustrating - refund shows processed but I don't see it in my bank. I need a resolution today.,REFUND,HIGH
Quick question - i want to switch my payment method to a different card. Thanks.,PAYMENT,LOW
Please help immediately - my payment is stuck processing for a week. This is affecting my work.,PAYMENT,HIGH
"Just wondering, can you help me.",OTHER,LOW
This is unacceptable - the API keeps returning error code 9001. I want this escalated immediately.,TECHNICAL,CRITICAL
I need this fixed soon - i want a refund for my order. This is affecting my work.,REFUND,HIGH
I need help - my login shows the wrong information.,ACCOUNT,MEDIUM
The website logged me out randomly. Let me know.,TECHNICAL,MEDIUM
Please help immediately - i want to cancel my order and get a refund. I need a resolution today.,REFUND,HIGH
This is urgent - the transaction failed at checkout. I need a resolution today.,PAYMENT,HIGH
"Just wondering, i want to track my shipment. No hurry.",DELIVERY,LOW
"Whenever you get a chance, can you expedite my package. Whenever convenient.",DELIVERY,LOW
Please help immediately - i want to file a complaint.,OTHER,HIGH
This is unacceptable - my shipment was left at the wrong address.,DELIVERY,CRITICAL
"No rush, but i want to unsubscribe from marketing emails. Whenever convenient.",OTHER,LOW
Please help immediately - my user account was suspended without warning. This is affecting my work.,ACCOUNT,HIGH
Please help immediately - i'm being charged a fee I don't recognize. I need a resolution today.,PAYMENT,HIGH
"URGENT - i see an unauthorized charge of $1,200 on my account.",PAYMENT,CRITICAL
This is unacceptable - my refund of $250 still hasn't shown up after 2 days. I demand an immediate resolution.,REFUND,CRITICAL
This needs to be resolved right now - i was charged twice for the same order. This is completely unacceptable and needs fixing NOW.,PAYMENT,CRITICAL
"Just wondering, i want to switch my payment method to a different card. Thanks.",PAYMENT,LOW
"Just wondering, i need help with something. Thanks.",OTHER,LOW
I need this fixed soon - please refund my payment.,REFUND,HIGH
I need help - my delivery is delayed. Can someone help?,DELIVERY,MEDIUM
I was charged a restocking fee I wasn't told about. This is affecting my work.,REFUND,HIGH
Can I get a refund instead of store credit. Let me know.,REFUND,MEDIUM
I need this fixed soon - i'm being charged a fee I don't recognize. Please fix this ASAP.,PAYMENT,HIGH
I need help - my shipment is stuck in customs. Can someone help?,DELIVERY,MEDIUM
"Just wondering, i need information about your terms of service. Whenever convenient.",OTHER,LOW
"Just wondering, the refund policy is unclear to me.",REFUND,LOW
"Could someone assist - i returned the wrong item by mistake, can I still get a refund. Let me know.",REFUND,MEDIUM
I am extremely upset - i see an unauthorized charge of $12.50 on my account.,PAYMENT,CRITICAL
This is urgent - i cannot log into my login. This is affecting my work.,ACCOUNT,HIGH
"Whenever you get a chance, how do I request a refund. Whenever convenient.",REFUND,LOW
This is unacceptable - the website is completely down. I want this escalated immediately.,TECHNICAL,CRITICAL
I need help - i'm not sure who to contact about this. Can someone help?,OTHER,MEDIUM
I need help - i want to file a complaint. Please advise.,OTHER,MEDIUM
"Whenever you get a chance, can I get a refund instead of store credit.",REFUND,LOW
Could someone assist - my parcel arrived damaged. Please advise.,DELIVERY,MEDIUM
I'm having trouble - i can't update my billing address on my account. Can someone help?,ACCOUNT,MEDIUM
I need information about your terms of service.,OTHER,LOW
I need help - payment is not going through. Can someone help?,PAYMENT,MEDIUM
"Whenever you get a chance, can you expedite my delivery. Thanks.",DELIVERY,LOW
This is really frustrating - my shipment was left at the wrong address.,DELIVERY,HIGH
"No rush, but this is regarding a partnership inquiry.",OTHER,LOW
This is really frustrating - i keep getting 500 when I try to log in.,TECHNICAL,HIGH
I need this fixed soon - i have not received my refund. Please fix this ASAP.,REFUND,HIGH
I'm having trouble - the tracking hasn't updated in several days. Let me know.,DELIVERY,MEDIUM
Could someone assist - i can't update my billing address on my user account. Can someone help?,ACCOUNT,MEDIUM
This is really frustrating - my card was declined. This is affecting my work.,PAYMENT,HIGH
Could someone assist - please help me recover my old dashboard. Let me know.,ACCOUNT,MEDIUM
I am extremely upset - my profile was suspended without warning. I demand an immediate resolution.,ACCOUNT,CRITICAL
Quick question - i need information about your terms of service. No hurry.,OTHER,LOW
This is really frustrating - my subscription renewed but I cancelled it last month.,PAYMENT,HIGH
This is an emergency - the website is completely down. I want this escalated immediately.,TECHNICAL,CRITICAL
I need help - can I speak to a manager. Let me know.,OTHER,MEDIUM
Quick question - i have a general question. Thanks.,OTHER,LOW
I'm stuck on a loading screen. Let me know.,TECHNICAL,MEDIUM
I need this fixed soon - i can't upload files on the mobile app.,TECHNICAL,HIGH
I want to update my username.,ACCOUNT,LOW
This is urgent - my refund request was denied and I don't understand why. Please fix this ASAP.,REFUND,HIGH
This is unacceptable - the API keeps returning null pointer exception. I demand an immediate resolution.,TECHNICAL,CRITICAL
I was charged twice for the same order. Please fix this ASAP.,PAYMENT,HIGH
"Whenever you get a chance, my profile shows the wrong information. Thanks.",ACCOUNT,LOW
I'm having trouble - the discount code did not apply at checkout.,PAYMENT,MEDIUM
I need help - my two-factor authentication isn't working. Let me know.,ACCOUNT,MEDIUM
"Just wondering, i want to update my username. No hurry.",ACCOUNT,LOW
This is really frustrating - my delivery was left at the wrong address. I need a resolution today.,DELIVERY,HIGH
This is urgent - i am getting an error on the website.,TECHNICAL,HIGH
I am extremely upset - refund shows processed but I don't see it in my bank.,REFUND,CRITICAL
This is really frustrating - the transaction failed at checkout.,PAYMENT,HIGH
My package is stuck in customs. Let me know.,DELIVERY,MEDIUM
"No rush, but my login shows the wrong information. Thanks.",ACCOUNT,LOW
Quick question - can you help me. No hurry.,OTHER,LOW
Could someone assist - i want a refund for my order. Let me know.,REFUND,MEDIUM
"No rush, but the discount code did not apply at checkout. No hurry.",PAYMENT,LOW
This is an emergency - i was charged $5.99 but my order was cancelled. I want this escalated immediately.,PAYMENT,CRITICAL
"Whenever you get a chance, the notifications are not working. Thanks.",TECHNICAL,LOW
"Whenever you get a chance, do you have a loyalty program.",OTHER,LOW
This is urgent - payPal payment did not go through. This is affecting my work.,PAYMENT,HIGH
Please help immediately - i can't upload files on the portal.,TECHNICAL,HIGH
"Just wondering, how long does a refund usually take. Whenever convenient.",REFUND,LOW
This is really frustrating - my order was left at the wrong address. Please fix this ASAP.,DELIVERY,HIGH
"No rush, but my user account shows the wrong information. No hurry.",ACCOUNT,LOW
I need this fixed soon - my refund of $430 still hasn't shown up after 2 days. This is affecting my work.,REFUND,HIGH
Please help immediately - i'm seeing a blank screen instead of the dashboard. I need a resolution today.,TECHNICAL,HIGH
"Just wondering, i need help with something.",OTHER,LOW
I want to dispute a charge and request a refund.,REFUND,HIGH
I need this fixed soon - can I speak to a manager. I need a resolution today.,OTHER,HIGH
"Whenever you get a chance, i want to switch my payment method to a different card.",PAYMENT,LOW
I'm having trouble - my order has not been delivered.,DELIVERY,MEDIUM
"Whenever you get a chance, i need help with something. No hurry.",OTHER,LOW
This is urgent - my payment is stuck processing for several days. I need a resolution today.,PAYMENT,HIGH
"Just wondering, the app is very slow. Whenever convenient.",TECHNICAL,LOW
"No rush, but i'm not sure who to contact about this.",OTHER,LOW
Please help immediately - my payment failed. I need a resolution today.,PAYMENT,HIGH
I want to merge two accounts. No hurry.,ACCOUNT,LOW
I'm having trouble - i can't upload files on the website. Let me know.,TECHNICAL,MEDIUM
Please help immediately - my package was left at the wrong address.,DELIVERY,HIGH
Could someone assist - i need to change the delivery date for #46048.,DELIVERY,MEDIUM
The notifications are not working. Thanks.,TECHNICAL,LOW
I want to file a complaint. Let me know.,OTHER,MEDIUM
This is urgent - the wrong amount was charged to my card. I need a resolution today.,PAYMENT,HIGH
I need information about your terms of service. Whenever convenient.,OTHER,LOW
Could someone assist - my order has been sitting at the warehouse for a week. Please advise.,DELIVERY,MEDIUM
This is really frustrating - i keep getting logged out of my dashboard. I need a resolution today.,ACCOUNT,HIGH
My payment failed. I need a resolution today.,PAYMENT,HIGH
This is really frustrating - my refund of $89.00 still hasn't shown up after a week. This is affecting my work.,REFUND,HIGH
This is urgent - the order has not arrived yet. Please fix this ASAP.,DELIVERY,HIGH
I'm having trouble - i need help with something.,OTHER,MEDIUM
"I returned the wrong item by mistake, can I still get a refund. Let me know.",REFUND,MEDIUM
I'm having trouble - images are not loading on the system.,TECHNICAL,MEDIUM
Quick question - i want to track my shipment. Thanks.,DELIVERY,LOW
Please help me recover my old dashboard. Please fix this ASAP.,ACCOUNT,HIGH
This is really frustrating - can I speak to a manager. Please fix this ASAP.,OTHER,HIGH
I need this fixed soon - my payment failed.,PAYMENT,HIGH
"Whenever you get a chance, can you help me. Thanks.",OTHER,LOW
This is really frustrating - i want to cancel my order and get a refund.,REFUND,HIGH
"Just wondering, when will I receive my refund. No hurry.",REFUND,LOW
Please help immediately - my card was declined. This is affecting my work.,PAYMENT,HIGH
Can you expedite my package. Thanks.,DELIVERY,LOW
This is urgent - the page is not loading. I need a resolution today.,TECHNICAL,HIGH
The package is missing items. Let me know.,DELIVERY,MEDIUM
I need help - none of the buttons on the website are responding. Let me know.,TECHNICAL,MEDIUM
Please help immediately - my data disappeared after the update.,TECHNICAL,HIGH
I need help - payment is not going through. Let me know.,PAYMENT,MEDIUM
Please help immediately - payment is not going through.,PAYMENT,HIGH
This needs to be resolved right now - my refund was sent to the wrong card. I demand an immediate resolution.,REFUND,CRITICAL
I need help - i returned my item but haven't been refunded.,REFUND,MEDIUM
"Whenever you get a chance, i have a suggestion for a new feature.",OTHER,LOW
This is urgent - the tracking hasn't updated in two weeks.,DELIVERY,HIGH
I want to unsubscribe from marketing emails. Thanks.,OTHER,LOW
I'm having trouble - i was billed in the wrong currency. Please advise.,PAYMENT,MEDIUM
This is really frustrating - the tracking hasn't updated in 5 days. This is affecting my work.,DELIVERY,HIGH
"No rush, but is there a student discount available. Whenever convenient.",OTHER,LOW
"I'm having trouble - i returned the wrong item by mistake, can I still get a refund. Can someone help?",REFUND,MEDIUM
